{"type":"FeatureCollection","metadata":{"status":"preview-derived","derivedFrom":"api-lab-faculdade@da595c03d2ecb28645c23b5948d8a1c362810e94 / published bairros.geojson","sourceSha256":"495dcb07c259c59255cccadbca33497fd6dfa323ea942568d0b84ca6505e24e0","simplifyToleranceDegrees":0.0001,"note":"Presentation geometry only; replace with validated official-vintage source in F3.","sliceMetric":"validVotes"},"features":[{"type":"Feature","properties":{"name":"Centro","municipality_code":"4208906","layer":"neighborhood","cd_regiao":"4","cd_uf":"42","cd_mun":"4208906","cd_dist":"420890605","cd_subdist":"42089060500","cd_bairro":"4208906001","cd_rgint":"4206","cd_rgi":"420016","cd_concurb":"4208906","featureKey":"CENTRO","sliceValue":16116,"sliceLabel":"Centro"},"geometry":{"type":"Polygon","coordinates":[[[-49.08117939999994,-26.496329999999944],[-49.083695399999954,-26.495654299999956],[-49.08411479999995,-26.49422919999995],[-49.08436369999998,-26.49413839999994],[-49.08475149999998,-26.494280499999945],[-49.08514409999998,-26.495018399999935],[-49.08573129999996,-26.49537339999995],[-49.087084699999934,-26.495297299999947],[-49.08802659999998,-26.495481199999972],[-49.088106799999935,-26.495190899999955],[-49.088503199999934,-26.495194099999935],[-49.08906699999994,-26.49160839999996],[-49.08932999999996,-26.48402599999997],[-49.089261299999976,-26.483558099999982],[-49.08864379999994,-26.483570699999973],[-49.08903299999997,-26.478832499999953],[-49.09030229999996,-26.47848099999993],[-49.097112599999946,-26.478330599999936],[-49.09793569999994,-26.47814089999997],[-49.09864689999995,-26.477647099999956],[-49.09718479999998,-26.476709699999958],[-49.09607189999997,-26.475686699999983],[-49.094760099999974,-26.475143699999933],[-49.09079699999995,-26.474321499999974],[-49.088483199999985,-26.47483989999995],[-49.08498739999993,-26.476464199999953],[-49.08328529999994,-26.478187499999933],[-49.08069839999996,-26.48011219999995],[-49.079672699999946,-26.482101099999966],[-49.07877259999998,-26.48335739999993],[-49.076018999999974,-26.486588499999982],[-49.075534199999936,-26.486976899999945],[-49.07261649999998,-26.488209599999948],[-49.070472999999936,-26.48815069999995],[-49.06954399999995,-26.487781199999972],[-49.06912649999998,-26.48736839999998],[-49.06851409999996,-26.48561129999996],[-49.067930099999955,-26.48521649999998],[-49.06398789999997,-26.48622439999997],[-49.06297999999998,-26.48691759999997],[-49.06363169999997,-26.48696609999996],[-49.06553919999993,-26.487634399999934],[-49.066687799999954,-26.488706299999933],[-49.06806209999996,-26.49108069999994],[-49.069532899999956,-26.491665499999954],[-49.07266599999997,-26.493793899999957],[-49.07324199999994,-26.49469659999994],[-49.07405099999994,-26.49505629999993],[-49.07456639999998,-26.495018999999957],[-49.07500339999996,-26.494897099999946],[-49.076118399999984,-26.49408969999996],[-49.07722709999996,-26.49390159999996],[-49.078421599999956,-26.494208799999967],[-49.07992429999996,-26.494339899999943],[-49.08101709999994,-26.49545409999996],[-49.08117939999994,-26.496329999999944]]]}},{"type":"Feature","properties":{"name":"Ilha da Figueira","municipality_code":"4208906","layer":"neighborhood","cd_regiao":"4","cd_uf":"42","cd_mun":"4208906","cd_dist":"420890605","cd_subdist":"42089060500","cd_bairro":"4208906002","cd_rgint":"4206","cd_rgi":"420016","cd_concurb":"4208906","featureKey":"ILHA DA FIGUEIRA","sliceValue":7360,"sliceLabel":"Ilha da Figueira"},"geometry":{"type":"Polygon","coordinates":[[[-49.042513499999984,-26.494709099999966],[-49.04357459999994,-26.494195499999933],[-49.043158699999935,-26.494082799999944],[-49.04291869999997,-26.493686199999956],[-49.04334129999995,-26.49334609999994],[-49.04386559999995,-26.493298599999946],[-49.04401889999997,-26.492747399999928],[-49.04469849999998,-26.492081199999973],[-49.04505369999998,-26.491861099999937],[-49.04545729999995,-26.49188659999993],[-49.04588329999996,-26.49223089999998],[-49.045709999999985,-26.49293149999994],[-49.044974399999944,-26.49350439999995],[-49.044334299999946,-26.49366679999997],[-49.04414909999997,-26.49410219999993],[-49.04462259999997,-26.494292499999972],[-49.04538409999998,-26.495148399999948],[-49.04580649999997,-26.495072999999934],[-49.04618609999994,-26.494740899999954],[-49.04650659999999,-26.494752999999946],[-49.04677049999998,-26.49481929999996],[-49.04690069999998,-26.495446999999956],[-49.04715589999995,-26.495678399999974],[-49.04787259999995,-26.495768399999974],[-49.048636699999975,-26.495407099999966],[-49.04923299999996,-26.495605499999954],[-49.04951599999998,-26.495947899999976],[-49.049752299999966,-26.49583229999996],[-49.05017289999995,-26.496286099999963],[-49.05048069999998,-26.49600929999997],[-49.05096949999995,-26.496037799999954],[-49.051954799999976,-26.497214799999938],[-49.05229939999998,-26.496779599999968],[-49.053395799999976,-26.49654019999997],[-49.05358759999996,-26.49685939999995],[-49.053755699999954,-26.496547499999963],[-49.054106899999965,-26.496496899999954],[-49.05372429999994,-26.496101299999964],[-49.053759799999966,-26.495853799999963],[-49.053350499999965,-26.49585159999998],[-49.052823099999955,-26.495268499999952],[-49.05287439999995,-26.49447319999996],[-49.053282499999966,-26.49411329999998],[-49.05391399999996,-26.494148499999937],[-49.056170399999985,-26.494979099999966],[-49.056667999999945,-26.49408569999997],[-49.057660699999985,-26.493658099999948],[-49.06027409999996,-26.49388179999994],[-49.06072769999997,-26.494145199999934],[-49.061231599999985,-26.49421039999993],[-49.06145959999998,-26.49450459999997],[-49.062001899999984,-26.494490499999984],[-49.062802499999975,-26.494831199999965],[-49.06335859999996,-26.494803499999932],[-49.06372959999993,-26.495311199999946],[-49.06410749999998,-26.495384899999976],[-49.06508329999997,-26.496091299999932],[-49.065642099999934,-26.496763199999975],[-49.06566309999994,-26.49699529999998],[-49.065464599999984,-26.49726929999997],[-49.06501569999995,-26.49726229999993],[-49.06479489999998,-26.497448899999938],[-49.06543149999993,-26.49783519999994],[-49.06569609999997,-26.499029999999948],[-49.066623799999945,-26.499178099999938],[-49.06668279999997,-26.499965999999972],[-49.06690489999994,-26.49997069999995],[-49.067146399999956,-26.499213899999972],[-49.06778179999998,-26.49893549999996],[-49.067714199999955,-26.498462699999948],[-49.06787179999998,-26.49781269999994],[-49.068029499999966,-26.497609999999952],[-49.06851379999995,-26.497498899999982],[-49.06925309999997,-26.49653239999998],[-49.06992519999994,-26.494406099999935],[-49.07024919999998,-26.49452599999995],[-49.07152499999995,-26.49310479999997],[-49.069532899999956,-26.491665499999954],[-49.06806209999996,-26.49108069999994],[-49.066687799999954,-26.488706299999933],[-49.06517549999995,-26.487459599999966],[-49.06363169999997,-26.48696609999996],[-49.06297999999998,-26.48691759999997],[-49.06031249999995,-26.48755189999997],[-49.05926189999997,-26.487657799999965],[-49.05818309999995,-26.487447799999927],[-49.05724939999993,-26.486654899999962],[-49.056628399999965,-26.48649409999996],[-49.05509889999996,-26.486393299999975],[-49.05426639999996,-26.486715499999946],[-49.053673999999944,-26.48671909999996],[-49.05159639999994,-26.485515799999973],[-49.04964199999995,-26.48384599999997],[-49.04784069999994,-26.48299099999997],[-49.04709449999996,-26.48287309999995],[-49.044528999999955,-26.483735399999944],[-49.04262639999996,-26.484680199999957],[-49.040400499999976,-26.485379399999943],[-49.038287399999945,-26.48551779999997],[-49.037701899999945,-26.485980599999948],[-49.03677479999993,-26.486212199999954],[-49.03619109999994,-26.486241199999938],[-49.035179599999935,-26.485999099999958],[-49.03377379999995,-26.486212399999943],[-49.033209699999986,-26.486446399999977],[-49.032520699999964,-26.487120999999945],[-49.03225569999995,-26.487813999999958],[-49.03140979999995,-26.48821099999998],[-49.03015089999997,-26.488275199999975],[-49.02851539999995,-26.487661499999945],[-49.02801859999994,-26.487887299999954],[-49.02828469999997,-26.48811189999998],[-49.02779749999996,-26.488705299999936],[-49.02835969999995,-26.48926869999997],[-49.02838749999995,-26.490124399999956],[-49.028382499999964,-26.491733099999976],[-49.028098599999964,-26.492617399999972],[-49.02755339999993,-26.49284149999994],[-49.02733539999997,-26.493480399999953],[-49.026603799999975,-26.494168799999954],[-49.026068399999986,-26.494371899999976],[-49.02571869999997,-26.49496199999993],[-49.025201799999934,-26.495293599999968],[-49.02487549999995,-26.497158599999977],[-49.023746899999935,-26.49763189999993],[-49.02194599999996,-26.500607499999944],[-49.01985479999996,-26.501111899999955],[-49.019315699999936,-26.501506199999938],[-49.01881279999998,-26.50226639999994],[-49.01850929999995,-26.503138899999954],[-49.01900359999996,-26.503916299999958],[-49.017227799999944,-26.504625199999964],[-49.01644109999995,-26.50540559999996],[-49.016699899999935,-26.50620719999995],[-49.01666329999995,-26.506723799999975],[-49.01865959999998,-26.507835799999953],[-49.019525399999964,-26.50891649999994],[-49.01973449999997,-26.508259899999928],[-49.02036519999996,-26.508657399999947],[-49.02028659999996,-26.50716609999995],[-49.02054519999996,-26.50687439999996],[-49.02111599999995,-26.506690799999944],[-49.02111049999996,-26.506291699999963],[-49.021385399999986,-26.506200199999967],[-49.02150309999996,-26.505913199999952],[-49.022176599999966,-26.506006499999955],[-49.02258599999993,-26.506349799999953],[-49.022650099999964,-26.506596799999954],[-49.02307159999998,-26.50545809999994],[-49.02357459999996,-26.505362099999957],[-49.02376369999996,-26.505817999999977],[-49.02417819999994,-26.50543229999994],[-49.024700199999984,-26.505326799999978],[-49.02501939999996,-26.50543849999997],[-49.02510499999994,-26.50477159999997],[-49.02530559999997,-26.504559599999936],[-49.02585399999998,-26.504467099999943],[-49.02631399999996,-26.504826799999933],[-49.02643459999996,-26.50454929999995],[-49.028534099999945,-26.502707199999975],[-49.02911659999995,-26.50256859999996],[-49.029588599999954,-26.502713299999982],[-49.02935419999994,-26.50212209999995],[-49.02987809999996,-26.50180469999998],[-49.03008739999996,-26.501262399999973],[-49.03048049999995,-26.500974199999973],[-49.03064249999994,-26.500584199999935],[-49.03034939999998,-26.50028329999998],[-49.030417599999964,-26.500081699999953],[-49.03103669999996,-26.500067399999978],[-49.03129439999998,-26.49969649999997],[-49.031710799999985,-26.499892899999963],[-49.03199449999994,-26.499558099999945],[-49.032456699999955,-26.49942139999996],[-49.033831299999974,-26.49941769999998],[-49.03371419999996,-26.498504799999978],[-49.034382999999934,-26.498286099999973],[-49.03465829999993,-26.49775989999995],[-49.03493539999994,-26.497873099999936],[-49.035310299999935,-26.498458699999958],[-49.036511099999984,-26.49830819999994],[-49.03762819999997,-26.497550899999965],[-49.039410299999986,-26.497365499999944],[-49.04068189999998,-26.496871599999963],[-49.04132729999998,-26.496915399999978],[-49.04194579999995,-26.496550299999967],[-49.04224069999998,-26.496663499999954],[-49.04263519999995,-26.49626049999995],[-49.04224179999994,-26.496033799999964],[-49.04214669999993,-26.495443199999954],[-49.04238579999998,-26.495081599999935],[-49.04272529999997,-26.49508979999996],[-49.042513499999984,-26.494709099999966]]]}},{"type":"Feature","properties":{"name":"Vila Nova","municipality_code":"4208906","layer":"neighborhood","cd_regiao":"4","cd_uf":"42","cd_mun":"4208906","cd_dist":"420890605","cd_subdist":"42089060500","cd_bairro":"4208906003","cd_rgint":"4206","cd_rgi":"420016","cd_concurb":"4208906","featureKey":"VILA NOVA","sliceValue":1028,"sliceLabel":"Vila Nova"},"geometry":{"type":"Polygon","coordinates":[[[-49.07024919999998,-26.49452599999995],[-49.06992519999994,-26.494406099999935],[-49.06925309999997,-26.49653239999998],[-49.06851379999995,-26.497498899999982],[-49.068029499999966,-26.497609999999952],[-49.06787179999998,-26.49781269999994],[-49.06774199999995,-26.499010899999973],[-49.06708969999994,-26.499292499999967],[-49.066908799999965,-26.499881899999934],[-49.06696969999996,-26.50021909999998],[-49.06754499999994,-26.500428099999965],[-49.06805479999997,-26.50137609999996],[-49.068200899999965,-26.501456099999928],[-49.068180799999936,-26.50081309999996],[-49.06858029999995,-26.500574299999982],[-49.06868509999998,-26.499996299999964],[-49.069140699999934,-26.499754199999927],[-49.06935919999995,-26.49982689999996],[-49.06943199999995,-26.499387399999932],[-49.06911519999994,-26.499027199999944],[-49.06932429999995,-26.49834149999998],[-49.06943789999997,-26.498486199999945],[-49.07018969999996,-26.49817239999993],[-49.07079379999993,-26.498324499999967],[-49.07108379999994,-26.497949699999936],[-49.07148589999997,-26.49807759999993],[-49.07276019999995,-26.49795039999998],[-49.07349549999998,-26.498198999999943],[-49.07539129999998,-26.497891899999956],[-49.07553859999996,-26.498087399999974],[-49.075531299999966,-26.49875439999994],[-49.075872199999935,-26.49917259999995],[-49.07622729999997,-26.499266999999975],[-49.07654119999995,-26.50008349999996],[-49.07643829999995,-26.500508399999944],[-49.075588599999946,-26.501419399999975],[-49.07630429999995,-26.50165519999996],[-49.07702429999995,-26.502489099999934],[-49.07791809999998,-26.50283939999997],[-49.078274599999986,-26.50328109999998],[-49.078693699999974,-26.503295599999944],[-49.07939129999994,-26.503819499999963],[-49.08082059999998,-26.504277899999977],[-49.081399499999975,-26.504230999999947],[-49.082335299999954,-26.50449329999998],[-49.08377059999998,-26.50443189999993],[-49.08459269999997,-26.50525559999994],[-49.086118699999986,-26.50485089999995],[-49.086798499999986,-26.505121499999973],[-49.08709819999996,-26.504574399999967],[-49.08855579999994,-26.499867499999937],[-49.088498699999946,-26.499647599999946],[-49.089018599999974,-26.499113799999975],[-49.08965439999997,-26.498914399999933],[-49.09020289999995,-26.497244399999943],[-49.09004109999995,-26.496950999999967],[-49.08802659999998,-26.495481199999972],[-49.08547149999998,-26.495254399999965],[-49.084532499999966,-26.49414489999998],[-49.08411479999995,-26.49422919999995],[-49.08385219999997,-26.49540099999996],[-49.08355569999998,-26.49576159999998],[-49.08130259999996,-26.496361599999943],[-49.08104609999998,-26.49613379999994],[-49.08101709999994,-26.49545409999996],[-49.07986319999998,-26.494312799999932],[-49.07684059999997,-26.493932899999947],[-49.07599419999997,-26.49414489999998],[-49.074855999999954,-26.494960299999946],[-49.07405099999994,-26.49505629999993],[-49.07324199999994,-26.49469659999994],[-49.07266599999997,-26.493793899999957],[-49.07152499999995,-26.49310479999997],[-49.07024919999998,-26.49452599999995]]]}},{"type":"Feature","properties":{"name":"Barra do Rio Molha","municipality_code":"4208906","layer":"neighborhood","cd_regiao":"4","cd_uf":"42","cd_mun":"4208906","cd_dist":"420890605","cd_subdist":"42089060500","cd_bairro":"4208906004","cd_rgint":"4206","cd_rgi":"420016","cd_concurb":"4208906","featureKey":"BARRA DO RIO MOLHA","sliceValue":3843,"sliceLabel":"Barra do Rio Molha"},"geometry":{"type":"Polygon","coordinates":[[[-49.09147409999997,-26.510339599999952],[-49.09185009999993,-26.510664899999938],[-49.09191589999995,-26.51093489999994],[-49.092202199999974,-26.510711799999967],[-49.09291379999996,-26.51058649999993],[-49.093115299999965,-26.510245099999963],[-49.09331149999997,-26.510282899999936],[-49.09344639999995,-26.510545199999967],[-49.09385899999995,-26.510080899999934],[-49.09478389999998,-26.510199299999954],[-49.09543809999997,-26.510010399999942],[-49.09596189999996,-26.51040059999997],[-49.09639599999997,-26.510135099999957],[-49.09692769999998,-26.510075599999936],[-49.098384599999974,-26.51045149999993],[-49.09899629999995,-26.51040699999993],[-49.09928529999996,-26.510730899999942],[-49.099625499999945,-26.510505999999964],[-49.09982599999995,-26.51007519999996],[-49.100126999999986,-26.510019299999954],[-49.09990869999996,-26.510835399999962],[-49.10033759999993,-26.510909699999957],[-49.101525299999935,-26.510114999999928],[-49.102120499999955,-26.51011639999996],[-49.10296009999996,-26.51045399999998],[-49.103516799999966,-26.510387899999955],[-49.10490809999993,-26.510716499999944],[-49.10719279999995,-26.511996499999952],[-49.107730199999935,-26.51201249999997],[-49.108617799999934,-26.512390599999947],[-49.10939459999997,-26.511577599999953],[-49.10966119999995,-26.50966449999993],[-49.10991279999996,-26.509340299999963],[-49.10923969999993,-26.508866199999943],[-49.106929399999956,-26.50846009999998],[-49.10524379999998,-26.50779559999995],[-49.10426759999996,-26.50718059999997],[-49.10300459999996,-26.50720569999993],[-49.10175909999998,-26.50672869999994],[-49.10040649999996,-26.50643709999997],[-49.098302099999955,-26.50654929999996],[-49.09595909999996,-26.50603049999995],[-49.09495599999997,-26.504689999999982],[-49.093579499999976,-26.504593599999964],[-49.09274129999994,-26.503787899999963],[-49.09239309999998,-26.50376179999995],[-49.091686299999935,-26.503286199999934],[-49.09132979999998,-26.502440499999977],[-49.09171169999996,-26.500631299999952],[-49.091571199999976,-26.50000339999997],[-49.09099349999997,-26.49991749999998],[-49.08935489999993,-26.500195599999984],[-49.08855579999994,-26.499867499999937],[-49.08709819999996,-26.504574399999967],[-49.086798499999986,-26.505121499999973],[-49.086118699999986,-26.50485089999995],[-49.08459269999997,-26.50525559999994],[-49.08453749999995,-26.505662599999937],[-49.083317199999954,-26.506660299999965],[-49.082902099999956,-26.50684659999996],[-49.08245469999997,-26.506709599999965],[-49.08246809999997,-26.50723419999997],[-49.081660099999965,-26.50813329999994],[-49.08246479999997,-26.508987499999932],[-49.082438399999944,-26.509329799999932],[-49.082892999999956,-26.510070999999982],[-49.081897899999944,-26.511577099999954],[-49.08165089999994,-26.51294299999995],[-49.08156089999994,-26.513015999999936],[-49.081100799999945,-26.512649099999976],[-49.08049579999994,-26.513127399999973],[-49.08017599999994,-26.51411509999997],[-49.08049209999996,-26.515413099999932],[-49.08059899999995,-26.515547099999935],[-49.080577699999935,-26.514893099999938],[-49.08074409999995,-26.514523099999963],[-49.08103889999995,-26.51444699999996],[-49.081861799999956,-26.513765099999944],[-49.08228699999995,-26.513891099999967],[-49.08279419999997,-26.513780899999972],[-49.08296389999998,-26.513188399999933],[-49.083271999999965,-26.51305099999996],[-49.08341199999995,-26.51269709999997],[-49.08339579999995,-26.51174599999996],[-49.084407099999964,-26.511260999999934],[-49.08440269999994,-26.511095099999977],[-49.08471769999994,-26.51093309999993],[-49.084694999999954,-26.51043409999994],[-49.085481999999956,-26.509945999999957],[-49.085523799999976,-26.50974109999993],[-49.08605979999993,-26.50936409999997],[-49.08614979999993,-26.509015099999942],[-49.086692899999946,-26.508987499999932],[-49.087207099999944,-26.50949429999997],[-49.087082899999984,-26.509727099999964],[-49.08751669999998,-26.50973309999995],[-49.08744799999994,-26.510059099999978],[-49.08767579999994,-26.510047999999983],[-49.08810079999995,-26.51035319999994],[-49.089275199999975,-26.509681099999966],[-49.09065469999996,-26.509813299999962],[-49.09063149999997,-26.510226899999964],[-49.09147409999997,-26.510339599999952]]]}},{"type":"Feature","properties":{"name":"Barra do Rio Cerro","municipality_code":"4208906","layer":"neighborhood","cd_regiao":"4","cd_uf":"42","cd_mun":"4208906","cd_dist":"420890605","cd_subdist":"42089060500","cd_bairro":"4208906005","cd_rgint":"4206","cd_rgi":"420016","cd_concurb":"4208906","featureKey":"BARRA DO RIO CERRO","sliceValue":7011,"sliceLabel":"Barra do Rio Cerro"},"geometry":{"type":"Polygon","coordinates":[[[-49.13500559999994,-26.530051499999956],[-49.13741299999998,-26.53100569999998],[-49.14070099999998,-26.528602099999944],[-49.14268729999998,-26.527701999999977],[-49.14190789999998,-26.52769429999995],[-49.14089379999996,-26.52738069999998],[-49.14080869999998,-26.52688749999993],[-49.14094899999998,-26.526522799999952],[-49.14128119999998,-26.525943199999972],[-49.14180799999997,-26.525553499999944],[-49.14152699999994,-26.52540749999997],[-49.14044679999995,-26.52548879999995],[-49.14039939999998,-26.524497099999962],[-49.14065939999995,-26.52414529999993],[-49.14134319999994,-26.523743799999977],[-49.14306829999998,-26.523820599999965],[-49.14298349999996,-26.523243199999968],[-49.14342259999995,-26.523136699999952],[-49.14309519999995,-26.522916099999975],[-49.14308719999997,-26.52274069999993],[-49.14405399999998,-26.52239849999995],[-49.143309699999975,-26.52231839999996],[-49.14204889999996,-26.520972599999936],[-49.14291179999998,-26.520223699999974],[-49.14455479999998,-26.519712599999934],[-49.14378289999996,-26.518951499999957],[-49.14358239999996,-26.51820749999996],[-49.143723799999975,-26.51730109999994],[-49.144055899999955,-26.51681069999995],[-49.144345699999974,-26.516801199999975],[-49.145358699999974,-26.51599939999994],[-49.14566249999996,-26.515950199999963],[-49.146417499999984,-26.514963399999942],[-49.14749919999997,-26.514407699999936],[-49.148265899999956,-26.514163699999983],[-49.148847399999966,-26.51437169999997],[-49.14947589999997,-26.513690199999928],[-49.15010549999994,-26.513736299999948],[-49.150674899999956,-26.514283699999964],[-49.150975899999935,-26.51413409999998],[-49.151219399999945,-26.51434279999995],[-49.151652199999944,-26.51433739999993],[-49.15180019999997,-26.514032399999962],[-49.15221679999996,-26.51399079999993],[-49.15275729999996,-26.51339319999994],[-49.15350489999997,-26.51303059999998],[-49.15172669999998,-26.511867499999937],[-49.15022869999996,-26.511405899999943],[-49.150178299999936,-26.51106169999997],[-49.149283399999945,-26.511640799999952],[-49.14785999999998,-26.511437199999932],[-49.14622019999996,-26.510796699999958],[-49.14519599999994,-26.51002159999996],[-49.13870239999994,-26.508409299999983],[-49.13694769999995,-26.506079399999976],[-49.13465699999995,-26.50343179999993],[-49.13481889999997,-26.504322099999968],[-49.13457089999997,-26.50483939999998],[-49.13388869999994,-26.50496409999994],[-49.13335139999998,-26.505557799999963],[-49.132451799999956,-26.505424999999946],[-49.13133769999996,-26.506293699999958],[-49.13135079999995,-26.506688199999928],[-49.13187759999994,-26.507155199999943],[-49.13222449999995,-26.507807899999932],[-49.13254089999998,-26.50803149999996],[-49.13253919999994,-26.508244499999932],[-49.13170119999995,-26.508776999999952],[-49.13050419999996,-26.508822299999963],[-49.13004059999997,-26.50913769999994],[-49.12896529999995,-26.50948589999996],[-49.12724869999994,-26.509463299999936],[-49.127381499999956,-26.510820199999955],[-49.12722409999998,-26.51191609999995],[-49.12745239999998,-26.51264919999994],[-49.12726399999997,-26.512910199999965],[-49.12594489999998,-26.51241609999994],[-49.124716399999954,-26.511391799999956],[-49.12310299999996,-26.511706299999958],[-49.121594899999934,-26.51163299999996],[-49.12078079999998,-26.51143579999996],[-49.12039109999995,-26.510728399999948],[-49.120626999999956,-26.509085399999947],[-49.12054669999998,-26.50818709999993],[-49.12028849999996,-26.507757399999946],[-49.119564399999945,-26.507495699999936],[-49.118858099999954,-26.50748059999995],[-49.11703749999998,-26.508852899999965],[-49.11396259999998,-26.51026539999998],[-49.11354199999994,-26.510239599999977],[-49.11290479999997,-26.509933099999955],[-49.11229909999997,-26.509079999999983],[-49.111959799999966,-26.508893399999977],[-49.11157319999995,-26.508847799999955],[-49.11059489999997,-26.50920519999994],[-49.10981779999997,-26.50915589999994],[-49.10991279999996,-26.509340299999963],[-49.10966119999995,-26.50966449999993],[-49.10939459999997,-26.511577599999953],[-49.10855139999995,-26.51259699999997],[-49.10695019999997,-26.513207699999953],[-49.10786129999997,-26.51347009999995],[-49.10848029999994,-26.513439699999935],[-49.10864219999996,-26.513589499999966],[-49.109996699999954,-26.51365679999998],[-49.11095379999995,-26.513476199999957],[-49.111185199999966,-26.513775599999974],[-49.112166599999966,-26.51402399999995],[-49.113111199999935,-26.51491989999994],[-49.113350399999945,-26.515386899999953],[-49.11295679999995,-26.51585319999998],[-49.11194409999996,-26.51587669999998],[-49.111632499999985,-26.51596349999994],[-49.11158299999994,-26.516132899999945],[-49.11289879999998,-26.517057499999964],[-49.11429069999997,-26.51718699999998],[-49.11469959999994,-26.517679999999928],[-49.11555579999998,-26.51791959999997],[-49.11677139999995,-26.519253799999944],[-49.116606299999944,-26.519745299999954],[-49.11626589999997,-26.51992679999995],[-49.11410239999998,-26.520068799999933],[-49.113689799999975,-26.519925299999954],[-49.11354679999994,-26.520853699999975],[-49.11291309999996,-26.521181399999932],[-49.113142799999935,-26.521554399999957],[-49.11305719999996,-26.522222599999964],[-49.11285869999995,-26.522497199999975],[-49.112450799999976,-26.522613299999932],[-49.11273509999995,-26.52276829999994],[-49.112814399999934,-26.523085799999933],[-49.11228289999997,-26.523369999999943],[-49.11281729999996,-26.523860799999966],[-49.11285859999998,-26.524256699999967],[-49.11260579999998,-26.524873199999945],[-49.11271819999996,-26.524974999999984],[-49.114446999999984,-26.52352869999993],[-49.114931799999965,-26.52214669999995],[-49.117082299999936,-26.522463699999946],[-49.117381999999964,-26.52209279999994],[-49.117961599999944,-26.522297299999934],[-49.118290799999954,-26.522117399999956],[-49.118809399999975,-26.522150799999963],[-49.11849309999997,-26.521707999999933],[-49.11888109999995,-26.52155339999996],[-49.11927439999994,-26.52082439999998],[-49.11968509999997,-26.52057609999997],[-49.12006739999998,-26.52058569999997],[-49.12023809999994,-26.520329199999935],[-49.12155969999998,-26.520492899999965],[-49.12177899999995,-26.521073999999942],[-49.122130399999946,-26.521422299999983],[-49.12292269999995,-26.520698599999946],[-49.123802599999976,-26.520667899999978],[-49.12495349999995,-26.521588299999962],[-49.12507379999994,-26.52185739999993],[-49.12595209999995,-26.521385799999962],[-49.12632919999999,-26.521531599999946],[-49.126593999999955,-26.521331999999973],[-49.12710919999995,-26.52198379999993],[-49.12706199999997,-26.522243599999968],[-49.12655609999996,-26.52256069999993],[-49.126838599999985,-26.52299019999998],[-49.12726339999995,-26.523083799999938],[-49.127372399999956,-26.523550599999965],[-49.127192399999956,-26.523791999999958],[-49.126774499999954,-26.523895899999957],[-49.12680459999996,-26.524067999999943],[-49.12702749999994,-26.524311799999964],[-49.127062799999976,-26.524646099999927],[-49.127643699999965,-26.524977499999977],[-49.127680099999964,-26.525220799999943],[-49.127385199999935,-26.52552849999995],[-49.12753859999998,-26.526375799999983],[-49.127770199999986,-26.526674499999956],[-49.127695899999935,-26.527723899999955],[-49.12803679999996,-26.528176799999983],[-49.12817239999998,-26.528741699999955],[-49.12852369999996,-26.529097299999933],[-49.128282499999955,-26.529464099999927],[-49.12781469999993,-26.529634399999964],[-49.127382899999986,-26.529386899999963],[-49.126793599999985,-26.52847849999995],[-49.12592989999996,-26.52944549999995],[-49.12597199999993,-26.52985019999994],[-49.12578959999996,-26.530041599999947],[-49.12551679999996,-26.530060799999944],[-49.125161899999966,-26.529836399999965],[-49.124816599999974,-26.529912299999978],[-49.12464879999993,-26.530246899999952],[-49.123514299999954,-26.530080599999962],[-49.12312339999994,-26.53022969999995],[-49.12335919999998,-26.53032589999998],[-49.12342129999996,-26.531171599999936],[-49.12451109999995,-26.531689399999948],[-49.12491909999994,-26.53141839999995],[-49.12583689999997,-26.531382599999972],[-49.128444299999956,-26.532785399999966],[-49.12997859999996,-26.53195949999997],[-49.13042569999993,-26.532588499999974],[-49.13117209999996,-26.532207699999958],[-49.13326079999996,-26.53196799999995],[-49.13327199999998,-26.532236099999977],[-49.13350389999994,-26.532102099999975],[-49.133730999999955,-26.53224899999998],[-49.134002899999984,-26.53219869999998],[-49.134227299999964,-26.531580599999984],[-49.13496589999994,-26.530574099999967],[-49.13500559999994,-26.530051499999956]]]}},{"type":"Feature","properties":{"name":"Jaraguá 99","municipality_code":"4208906","layer":"neighborhood","cd_regiao":"4","cd_uf":"42","cd_mun":"4208906","cd_dist":"420890605","cd_subdist":"42089060500","cd_bairro":"4208906006","cd_rgint":"4206","cd_rgi":"420016","cd_concurb":"4208906","featureKey":"JARAGUA 99","sliceValue":3883,"sliceLabel":"Jaraguá 99"},"geometry":{"type":"Polygon","coordinates":[[[-49.14204829999994,-26.49875099999997],[-49.14111899999995,-26.49887739999997],[-49.14091169999995,-26.49831409999996],[-49.13959959999994,-26.49851629999995],[-49.139594199999976,-26.49873199999996],[-49.14015329999995,-26.499244499999975],[-49.13994029999998,-26.499482899999975],[-49.13900359999997,-26.49965979999996],[-49.13954259999997,-26.500477599999954],[-49.139585299999965,-26.500799299999983],[-49.139401099999986,-26.501917999999932],[-49.13895999999994,-26.502602099999933],[-49.138264299999946,-26.50288779999994],[-49.13729349999994,-26.50296519999995],[-49.13557359999999,-26.502485999999976],[-49.13469769999995,-26.503036099999974],[-49.13465699999995,-26.50343179999993],[-49.13694769999995,-26.506079399999976],[-49.13853729999994,-26.508300299999974],[-49.14505589999993,-26.509977099999958],[-49.14664709999994,-26.51098419999994],[-49.147663799999975,-26.51138899999995],[-49.14907049999994,-26.511631499999964],[-49.149505499999975,-26.511575999999934],[-49.150178299999936,-26.51106169999997],[-49.15022869999996,-26.511405899999943],[-49.15114179999995,-26.511642199999983],[-49.151689999999974,-26.511305499999935],[-49.153125099999954,-26.511284299999943],[-49.15366609999995,-26.510896099999968],[-49.15505269999994,-26.51033199999995],[-49.15533769999996,-26.510036999999954],[-49.15422969999997,-26.510068899999965],[-49.155274099999986,-26.505145599999935],[-49.15732189999994,-26.49808059999998],[-49.15738389999996,-26.497330499999975],[-49.15670879999993,-26.49699739999994],[-49.15643849999998,-26.49739349999993],[-49.15654449999994,-26.49792569999994],[-49.156440799999984,-26.498274699999968],[-49.15427549999998,-26.499228699999946],[-49.15320359999998,-26.498217299999965],[-49.15265379999994,-26.498216599999978],[-49.15231609999995,-26.49879509999994],[-49.151568199999986,-26.498396399999933],[-49.150509399999976,-26.49909539999993],[-49.15016319999995,-26.499809699999958],[-49.14881459999998,-26.500782399999935],[-49.14543219999996,-26.49977949999993],[-49.14522439999996,-26.49953519999997],[-49.14535889999996,-26.49913449999997],[-49.144375199999956,-26.49852119999997],[-49.14306979999998,-26.498410599999943],[-49.14239379999998,-26.49807979999997],[-49.14213929999994,-26.498230699999965],[-49.14204829999994,-26.49875099999997]]]}},{"type":"Feature","properties":{"name":"João Pessoa","municipality_code":"4208906","layer":"neighborhood","cd_regiao":"4","cd_uf":"42","cd_mun":"4208906","cd_dist":"420890605","cd_subdist":"42089060500","cd_bairro":"4208906007","cd_rgint":"4206","cd_rgi":"420016","cd_concurb":"4208906","featureKey":"JOAO PESSOA","sliceValue":3469,"sliceLabel":"João Pessoa"},"geometry":{"type":"Polygon","coordinates":[[[-49.06989519999996,-26.448046499999975],[-49.07032369999996,-26.44723659999994],[-49.070050299999934,-26.44651639999995],[-49.070052199999964,-26.445536199999935],[-49.070587899999964,-26.44515629999995],[-49.07121319999993,-26.44538209999996],[-49.07167959999998,-26.44530759999998],[-49.072122899999954,-26.44543679999998],[-49.07252829999993,-26.445847999999955],[-49.07278699999995,-26.44663849999995],[-49.07371959999995,-26.446909799999958],[-49.074166599999955,-26.44778299999996],[-49.07551059999997,-26.448220599999956],[-49.07719309999993,-26.447591099999954],[-49.07661429999996,-26.445721999999932],[-49.07670499999995,-26.44497329999996],[-49.076543999999956,-26.44466959999994],[-49.07706859999996,-26.444334399999946],[-49.07688159999998,-26.443931799999973],[-49.07699279999997,-26.443688399999928],[-49.07730959999998,-26.443587099999945],[-49.077164599999946,-26.443258399999934],[-49.07777179999994,-26.44293879999998],[-49.07788179999994,-26.44269459999998],[-49.07753769999994,-26.44236799999993],[-49.077538999999945,-26.44195339999993],[-49.07785739999997,-26.44176479999993],[-49.07797409999995,-26.441309199999978],[-49.07843449999996,-26.440968299999952],[-49.07835799999998,-26.440441499999963],[-49.07873949999998,-26.44004639999997],[-49.078675199999964,-26.439667699999973],[-49.079012499999976,-26.438693099999966],[-49.07915719999994,-26.438518099999953],[-49.07993689999995,-26.438432699999964],[-49.080258699999945,-26.43734269999993],[-49.07900609999996,-26.43713859999997],[-49.078795699999944,-26.43750149999994],[-49.07806089999997,-26.437168699999972],[-49.077821599999936,-26.437467399999946],[-49.07690489999993,-26.437502699999982],[-49.07740649999994,-26.43700599999994],[-49.07786689999995,-26.435939599999983],[-49.07803269999994,-26.434857699999952],[-49.077774699999964,-26.43434229999997],[-49.07795989999994,-26.433813099999952],[-49.07788419999997,-26.43315869999998],[-49.07803749999994,-26.43301639999993],[-49.07898789999996,-26.432971899999927],[-49.079242299999976,-26.432719499999962],[-49.07851229999994,-26.43227939999997],[-49.07893399999995,-26.43190869999995],[-49.079296399999976,-26.43117799999993],[-49.079804399999944,-26.431114399999956],[-49.08029319999997,-26.43130969999993],[-49.08044109999997,-26.431640199999947],[-49.08038289999996,-26.43196869999997],[-49.08081639999995,-26.432295099999976],[-49.08084109999999,-26.432000099999982],[-49.08125329999996,-26.431771599999934],[-49.08138989999998,-26.431223399999965],[-49.08226229999997,-26.431276499999967],[-49.08207589999995,-26.43091519999996],[-49.08258049999995,-26.430712099999937],[-49.08216779999998,-26.43048559999994],[-49.08199599999995,-26.43007289999997],[-49.08169779999997,-26.429966399999955],[-49.08174969999993,-26.429621099999963],[-49.08212779999997,-26.42956339999995],[-49.082327599999985,-26.429189399999927],[-49.08285409999996,-26.429323199999942],[-49.083101099999965,-26.42910729999994],[-49.08301239999997,-26.42884349999997],[-49.08322739999994,-26.428563699999984],[-49.08360879999998,-26.428636899999958],[-49.084299999999985,-26.429171099999962],[-49.08429549999994,-26.428563699999984],[-49.084963399999936,-26.42795149999995],[-49.084946499999944,-26.427529999999933],[-49.08526699999993,-26.42733979999997],[-49.08541079999998,-26.427024699999947],[-49.08591659999996,-26.426946999999927],[-49.08605769999997,-26.42638489999996],[-49.08676819999994,-26.425773499999934],[-49.08668049999994,-26.42555079999994],[-49.08613369999995,-26.425481299999944],[-49.085144699999944,-26.424860999999964],[-49.084999799999935,-26.424081299999955],[-49.08470169999998,-26.42391509999993],[-49.084027599999956,-26.424068199999965],[-49.08376069999997,-26.424932199999944],[-49.08344759999994,-26.424863699999946],[-49.083110199999965,-26.424545399999943],[-49.08273359999998,-26.424563599999942],[-49.08182359999995,-26.423545599999954],[-49.082038299999965,-26.422663299999954],[-49.08232359999994,-26.422515199999964],[-49.082763299999954,-26.42262039999997],[-49.08369109999995,-26.42341629999993],[-49.08425689999996,-26.423626799999965],[-49.08492669999998,-26.423090199999933],[-49.08554269999996,-26.423139899999967],[-49.086374999999975,-26.42294019999997],[-49.08645389999998,-26.423154599999975],[-49.086239399999954,-26.42358329999996],[-49.08579309999993,-26.42401659999996],[-49.08613059999993,-26.42475639999998],[-49.086965299999974,-26.424720499999978],[-49.08729479999994,-26.424334099999953],[-49.08781449999998,-26.424453099999937],[-49.087980399999935,-26.423905099999956],[-49.08836139999994,-26.423782399999936],[-49.08912069999997,-26.424289199999976],[-49.08956529999995,-26.42536519999993],[-49.089854199999934,-26.425334299999975],[-49.09003519999993,-26.42561349999994],[-49.09020019999997,-26.425107099999934],[-49.09061349999996,-26.425026299999956],[-49.090381599999944,-26.42485019999998],[-49.090259999999944,-26.424349399999983],[-49.090648999999985,-26.42268619999993],[-49.09044609999995,-26.42233159999995],[-49.09074569999996,-26.421951099999944],[-49.09132279999994,-26.421716199999935],[-49.085560999999984,-26.41607339999996],[-49.08572659999993,-26.415941999999973],[-49.08502729999998,-26.415361899999937],[-49.08125099999995,-26.417408299999977],[-49.079687699999965,-26.41918629999998],[-49.07705119999997,-26.41967219999998],[-49.07615709999993,-26.420170999999982],[-49.075518199999976,-26.420945599999982],[-49.07521719999994,-26.421478899999954],[-49.07525289999995,-26.421987399999978],[-49.07568519999995,-26.422850299999936],[-49.076160699999946,-26.423189099999945],[-49.07640239999995,-26.423100399999953],[-49.07645899999994,-26.42230059999997],[-49.07707409999995,-26.42172019999998],[-49.07800169999996,-26.421287699999937],[-49.07871249999994,-26.42136299999993],[-49.07886279999997,-26.42235789999995],[-49.078478899999936,-26.423378999999954],[-49.07829359999994,-26.42462379999995],[-49.07850799999994,-26.42596759999998],[-49.078175199999976,-26.426434899999947],[-49.07568829999997,-26.42753739999995],[-49.07337629999995,-26.432334099999935],[-49.07190319999995,-26.43264739999995],[-49.070723999999984,-26.433620899999937],[-49.06921639999996,-26.434437999999943],[-49.067862299999945,-26.43442669999996],[-49.06727609999996,-26.43461689999998],[-49.06705619999997,-26.434869299999946],[-49.06704509999997,-26.435294399999975],[-49.067606499999954,-26.43601949999993],[-49.067607099999975,-26.43629619999996],[-49.06629809999998,-26.43635729999994],[-49.065482799999984,-26.43716399999994],[-49.06493329999995,-26.438063599999964],[-49.064323599999966,-26.438503999999966],[-49.059901199999956,-26.440319899999963],[-49.05725819999998,-26.440628499999946],[-49.05570869999997,-26.442457299999944],[-49.053651499999944,-26.444202299999972],[-49.05286829999994,-26.445640099999935],[-49.05264829999993,-26.44577179999993],[-49.05099699999994,-26.445861699999966],[-49.05035159999994,-26.446095999999955],[-49.04944199999994,-26.446617699999933],[-49.048574299999984,-26.447779999999966],[-49.04834269999998,-26.44787649999995],[-49.04638559999995,-26.447979699999962],[-49.044539499999985,-26.447213199999965],[-49.04353519999995,-26.447309299999972],[-49.04309459999996,-26.447719099999972],[-49.04322679999996,-26.448105099999964],[-49.04447279999994,-26.448132699999974],[-49.04478499999993,-26.448540899999955],[-49.044212699999946,-26.451518299999975],[-49.04425829999997,-26.453224099999943],[-49.049167599999976,-26.458458899999982],[-49.054079299999955,-26.45479869999997],[-49.05693689999998,-26.45435329999998],[-49.05993739999997,-26.453092599999934],[-49.06587109999998,-26.452595299999928],[-49.06696379999994,-26.45178839999994],[-49.06638659999993,-26.451016599999946],[-49.06635899999998,-26.450311299999953],[-49.066989199999966,-26.450406399999963],[-49.06728429999998,-26.45028609999997],[-49.06822359999995,-26.44945169999994],[-49.06919399999998,-26.44889299999994],[-49.069337099999984,-26.448472599999945],[-49.06989519999996,-26.448046499999975]]]}},{"type":"Feature","properties":{"name":"Vieira","municipality_code":"4208906","layer":"neighborhood","cd_regiao":"4","cd_uf":"42","cd_mun":"4208906","cd_dist":"420890605","cd_subdist":"42089060500","cd_bairro":"4208906008","cd_rgint":"4206","cd_rgi":"420016","cd_concurb":"4208906","featureKey":"VIEIRA","sliceValue":2254,"sliceLabel":"Vieira"},"geometry":{"type":"Polygon","coordinates":[[[-49.03983729999993,-26.477858399999946],[-49.04054199999996,-26.47792809999993],[-49.04571709999993,-26.477462999999943],[-49.04907939999998,-26.47808679999997],[-49.050388199999986,-26.478133299999968],[-49.05037189999996,-26.47666909999998],[-49.05006039999995,-26.47523599999994],[-49.04970999999995,-26.47553979999998],[-49.049345899999935,-26.475606899999946],[-49.04758129999993,-26.47524969999995],[-49.047550799999954,-26.47451669999998],[-49.04717839999995,-26.474434299999928],[-49.04699199999993,-26.473778899999957],[-49.04665309999996,-26.473722299999963],[-49.04610199999996,-26.47322319999995],[-49.04536539999998,-26.473169799999937],[-49.04498209999997,-26.472917799999948],[-49.044773099999986,-26.47241649999995],[-49.044465199999934,-26.47237729999995],[-49.043924499999946,-26.471915199999955],[-49.04413219999998,-26.47115969999993],[-49.04385929999995,-26.47101319999996],[-49.04382409999994,-26.470223399999952],[-49.043497499999944,-26.469875299999956],[-49.043529099999944,-26.469447499999944],[-49.04285809999993,-26.468690399999957],[-49.04250519999994,-26.467506299999968],[-49.04224329999994,-26.46714129999998],[-49.04228029999996,-26.466591999999935],[-49.042078799999956,-26.466133299999967],[-49.04229639999994,-26.46580179999995],[-49.043092799999954,-26.46550639999998],[-49.04369819999994,-26.464589699999976],[-49.04449299999993,-26.463839699999937],[-49.04518889999997,-26.463529999999935],[-49.04528049999993,-26.46329309999993],[-49.04495119999996,-26.46308829999998],[-49.046865999999966,-26.46351649999997],[-49.04717229999994,-26.46259269999996],[-49.047203399999944,-26.46183999999994],[-49.04780549999998,-26.461575299999936],[-49.04921729999995,-26.461616899999967],[-49.049175799999944,-26.462094399999955],[-49.05111699999998,-26.462468099999967],[-49.05221209999996,-26.46191269999997],[-49.050914499999976,-26.460199899999964],[-49.04652989999994,-26.460423899999967],[-49.047193799999945,-26.460137799999927],[-49.04665989999995,-26.459765799999957],[-49.04669629999995,-26.459626999999955],[-49.047640599999966,-26.45916969999996],[-49.04859449999998,-26.459197899999936],[-49.049167599999976,-26.458458899999982],[-49.04425829999997,-26.453224099999943],[-49.04419489999998,-26.45384699999994],[-49.04367519999994,-26.454125099999942],[-49.041790299999946,-26.454103199999963],[-49.03986999999995,-26.453825199999983],[-49.03884809999994,-26.45404119999995],[-49.03736989999993,-26.454646399999945],[-49.03616439999996,-26.454835699999933],[-49.033739399999945,-26.455952099999934],[-49.033014299999934,-26.456794899999977],[-49.03260769999997,-26.456994399999928],[-49.03198219999996,-26.45698049999993],[-49.03124349999996,-26.456470899999943],[-49.02922429999995,-26.45756629999994],[-49.02880619999996,-26.457405299999948],[-49.028447599999936,-26.45692209999993],[-49.02797959999998,-26.45698969999995],[-49.02784589999993,-26.457233199999962],[-49.02788129999993,-26.458551599999964],[-49.028170099999954,-26.458956599999965],[-49.028769799999964,-26.459068599999966],[-49.02985909999995,-26.458563699999956],[-49.03027949999995,-26.458690299999944],[-49.03046829999994,-26.459948699999927],[-49.02994849999993,-26.460989499999982],[-49.03018129999998,-26.461174299999982],[-49.03094569999996,-26.46107509999996],[-49.03132649999998,-26.46123149999994],[-49.03136079999996,-26.46160709999998],[-49.03113179999997,-26.462126099999978],[-49.031280799999934,-26.46243309999994],[-49.03196429999997,-26.462644499999953],[-49.03275359999998,-26.462125499999956],[-49.03344309999994,-26.462084999999945],[-49.033798299999944,-26.46222709999995],[-49.03421139999995,-26.464068999999938],[-49.03551109999995,-26.46545489999994],[-49.03643489999996,-26.467828099999963],[-49.03658389999998,-26.468758799999932],[-49.03636499999993,-26.46970129999994],[-49.03655619999995,-26.470517099999938],[-49.036278799999934,-26.47137639999994],[-49.03608159999993,-26.471552199999962],[-49.034590899999955,-26.471405199999936],[-49.03399959999996,-26.471540999999945],[-49.03349049999997,-26.473818199999982],[-49.03287309999996,-26.474838199999965],[-49.03226459999996,-26.476343499999928],[-49.03197759999995,-26.476626499999952],[-49.03235059999997,-26.47736089999995],[-49.03320999999994,-26.478315599999974],[-49.03459389999995,-26.47875419999997],[-49.03676799999994,-26.478486199999963],[-49.03983729999993,-26.477858399999946]]]}},{"type":"Feature","properties":{"name":"Centenário","municipality_code":"4208906","layer":"neighborhood","cd_regiao":"4","cd_uf":"42","cd_mun":"4208906","cd_dist":"420890605","cd_subdist":"42089060500","cd_bairro":"4208906009","cd_rgint":"4206","cd_rgi":"420016","cd_concurb":"4208906","featureKey":"CENTENARIO","sliceValue":null,"sliceLabel":"Centenário"},"geometry":{"type":"Polygon","coordinates":[[[-49.03140149999996,-26.48821229999993],[-49.03225569999995,-26.487813999999958],[-49.032520699999964,-26.487120999999945],[-49.033209699999986,-26.486446399999977],[-49.03377379999995,-26.486212399999943],[-49.035179599999935,-26.485999099999958],[-49.03619109999994,-26.486241199999938],[-49.03677479999993,-26.486212199999954],[-49.037701899999945,-26.485980599999948],[-49.038287399999945,-26.48551779999997],[-49.040400499999976,-26.485379399999943],[-49.04262639999996,-26.484680199999957],[-49.044528999999955,-26.483735399999944],[-49.04709449999996,-26.48287309999995],[-49.047527499999944,-26.482883699999945],[-49.04891329999998,-26.483455299999946],[-49.04999899999996,-26.484175999999934],[-49.050154599999985,-26.482821099999967],[-49.05006569999995,-26.478119499999934],[-49.04873939999993,-26.478035999999975],[-49.04609089999997,-26.47750019999995],[-49.04470489999994,-26.47747739999994],[-49.04054199999996,-26.47792809999993],[-49.03983729999993,-26.477858399999946],[-49.03676799999994,-26.478486199999963],[-49.03459389999995,-26.47875419999997],[-49.03320999999994,-26.478315599999974],[-49.03256989999994,-26.477715699999976],[-49.03197759999995,-26.476626499999952],[-49.03118609999996,-26.476859399999967],[-49.02949589999997,-26.47660369999994],[-49.02770799999996,-26.477218299999947],[-49.027240699999936,-26.478273199999933],[-49.02650419999998,-26.478605199999947],[-49.02578079999995,-26.47870839999996],[-49.02523679999996,-26.478610199999935],[-49.024936099999934,-26.477812299999982],[-49.02428939999999,-26.477407099999937],[-49.023765699999956,-26.477392299999963],[-49.02273919999993,-26.478343999999936],[-49.022074499999974,-26.478084099999933],[-49.021029399999975,-26.47807869999997],[-49.019228199999986,-26.478873199999953],[-49.01895049999996,-26.479155599999956],[-49.018671799999936,-26.480208699999935],[-49.01805019999995,-26.480593399999975],[-49.01696059999995,-26.480812699999944],[-49.01605289999998,-26.480858999999953],[-49.01493789999995,-26.48068969999997],[-49.01477629999994,-26.480812799999967],[-49.01477999999997,-26.48128259999993],[-49.01569729999994,-26.482463399999972],[-49.01594509999995,-26.48309889999996],[-49.01581299999998,-26.483645999999965],[-49.01520029999995,-26.48399939999996],[-49.015859399999954,-26.484105799999952],[-49.01759199999998,-26.48369699999995],[-49.01859189999993,-26.483649699999944],[-49.02088169999996,-26.484112599999946],[-49.021982399999956,-26.484538199999974],[-49.02401899999995,-26.48577039999998],[-49.02709189999996,-26.48722369999996],[-49.02801859999994,-26.487887299999954],[-49.02851539999995,-26.487661499999945],[-49.03015089999997,-26.488275199999975],[-49.03140149999996,-26.48821229999993]]]}},{"type":"Feature","properties":{"name":"Vila Lalau","municipality_code":"4208906","layer":"neighborhood","cd_regiao":"4","cd_uf":"42","cd_mun":"4208906","cd_dist":"420890605","cd_subdist":"42089060500","cd_bairro":"4208906010","cd_rgint":"4206","cd_rgi":"420016","cd_concurb":"4208906","featureKey":"VILA LALAU","sliceValue":5107,"sliceLabel":"Vila Lalau"},"geometry":{"type":"Polygon","coordinates":[[[-49.05926189999997,-26.487657799999965],[-49.06297999999998,-26.48691759999997],[-49.063469199999986,-26.486505799999975],[-49.06432459999996,-26.486114399999963],[-49.06759979999998,-26.485228999999947],[-49.06818919999995,-26.485301499999935],[-49.068020399999966,-26.48478639999996],[-49.067901699999936,-26.478696999999954],[-49.06801029999997,-26.47563589999993],[-49.06789199999997,-26.475823999999932],[-49.067632999999944,-26.47570799999994],[-49.067250299999955,-26.475872799999934],[-49.06616169999995,-26.47591699999998],[-49.06581859999994,-26.475698499999964],[-49.06607779999996,-26.47493929999996],[-49.065930899999955,-26.47465169999998],[-49.06556109999997,-26.47469419999993],[-49.06466839999996,-26.475427399999944],[-49.064392699999985,-26.475300499999946],[-49.06438469999995,-26.474905099999944],[-49.06396139999998,-26.47517499999998],[-49.06343549999997,-26.47434089999996],[-49.06292149999996,-26.474365999999975],[-49.06307179999993,-26.47465269999998],[-49.062812099999974,-26.474858299999937],[-49.06336889999994,-26.475192899999968],[-49.063462999999956,-26.475484799999947],[-49.063288899999975,-26.475741599999935],[-49.06361799999996,-26.475830299999927],[-49.06371789999997,-26.476012399999945],[-49.06327169999997,-26.476579999999956],[-49.063346699999954,-26.476864999999975],[-49.06296469999995,-26.477162199999952],[-49.061990099999946,-26.476368399999956],[-49.062001099999975,-26.47599859999997],[-49.062411399999974,-26.475729499999943],[-49.061990299999934,-26.475130499999977],[-49.061648599999955,-26.47519029999995],[-49.06122399999998,-26.475527599999964],[-49.06075899999996,-26.47538659999998],[-49.060334299999965,-26.475531899999964],[-49.05988119999995,-26.475032899999974],[-49.05962569999997,-26.47519079999995],[-49.05932839999997,-26.47510109999996],[-49.05903439999997,-26.47462379999996],[-49.059007099999974,-26.473558499999967],[-49.05840649999993,-26.473990199999946],[-49.05808239999993,-26.474548099999936],[-49.05777459999996,-26.474593999999968],[-49.05724799999996,-26.474414599999932],[-49.057108599999935,-26.473949699999935],[-49.056798999999955,-26.474215499999957],[-49.05645069999997,-26.474057699999946],[-49.05622009999996,-26.47341849999998],[-49.05570709999995,-26.47401069999995],[-49.05541859999994,-26.47495329999998],[-49.054693199999974,-26.47558379999998],[-49.05359389999995,-26.47487119999994],[-49.052868399999966,-26.47511069999996],[-49.05256349999996,-26.474657199999967],[-49.05169769999998,-26.474626099999966],[-49.05127559999994,-26.47535789999995],[-49.050979799999936,-26.475490399999956],[-49.05045899999993,-26.47527139999994],[-49.05011419999994,-26.474829599999964],[-49.05006039999995,-26.47523599999994],[-49.05037189999996,-26.47666909999998],[-49.050388199999986,-26.478133299999968],[-49.05006569999995,-26.478119499999934],[-49.050154599999985,-26.482821099999967],[-49.04999899999996,-26.484175999999934],[-49.05159639999994,-26.485515799999973],[-49.053673999999944,-26.48671909999996],[-49.05426639999996,-26.486715499999946],[-49.05509889999996,-26.486393299999975],[-49.056628399999965,-26.48649409999996],[-49.05724939999993,-26.486654899999962],[-49.05818309999995,-26.487447799999927],[-49.05926189999997,-26.487657799999965]]]}},{"type":"Feature","properties":{"name":"Vila Baependi","municipality_code":"4208906","layer":"neighborhood","cd_regiao":"4","cd_uf":"42","cd_mun":"4208906","cd_dist":"420890605","cd_subdist":"42089060500","cd_bairro":"4208906011","cd_rgint":"4206","cd_rgi":"420016","cd_concurb":"4208906","featureKey":"VILA BAEPENDI","sliceValue":null,"sliceLabel":"Vila Baependi"},"geometry":{"type":"Polygon","coordinates":[[[-49.072432299999946,-26.488243099999977],[-49.07568229999998,-26.486903799999936],[-49.076018999999974,-26.486588499999982],[-49.07877259999998,-26.48335739999993],[-49.079672699999946,-26.482101099999966],[-49.08069839999996,-26.48011219999995],[-49.07754199999994,-26.477830599999947],[-49.073234499999955,-26.474314599999957],[-49.07323829999996,-26.472415599999977],[-49.07312959999996,-26.472277799999972],[-49.07091099999997,-26.472245199999975],[-49.07090919999996,-26.472650899999962],[-49.07068779999997,-26.472976999999958],[-49.07090189999997,-26.47337559999994],[-49.07078749999994,-26.47360459999993],[-49.07089739999998,-26.473925899999983],[-49.070410799999934,-26.473985999999968],[-49.07019889999998,-26.47446919999993],[-49.069244899999944,-26.474992699999973],[-49.070583599999964,-26.475275299999964],[-49.07071549999995,-26.475547199999937],[-49.070570499999974,-26.47584729999994],[-49.06929089999994,-26.47580789999995],[-49.06880689999997,-26.47554059999993],[-49.06858609999995,-26.47522079999993],[-49.06822639999996,-26.475229999999954],[-49.068041799999946,-26.474897299999952],[-49.067901699999936,-26.478696999999954],[-49.068020399999966,-26.48478639999996],[-49.06818919999995,-26.485301499999935],[-49.06851409999996,-26.48561129999996],[-49.06912649999998,-26.48736839999998],[-49.06954399999995,-26.487781199999972],[-49.07014369999996,-26.48807409999995],[-49.07149419999996,-26.488242499999956],[-49.072432299999946,-26.488243099999977]]]}},{"type":"Feature","properties":{"name":"Czerniewicz","municipality_code":"4208906","layer":"neighborhood","cd_regiao":"4","cd_uf":"42","cd_mun":"4208906","cd_dist":"420890605","cd_subdist":"42089060500","cd_bairro":"4208906012","cd_rgint":"4206","cd_rgi":"420016","cd_concurb":"4208906","featureKey":"CZERNIEWICZ","sliceValue":2857,"sliceLabel":"Czerniewicz"},"geometry":{"type":"Polygon","coordinates":[[[-49.07961709999995,-26.472000699999967],[-49.07884939999997,-26.47201629999995],[-49.078507599999966,-26.47154029999996],[-49.078063199999974,-26.47127409999996],[-49.07721349999997,-26.471254399999964],[-49.07656979999996,-26.47097009999993],[-49.076262499999984,-26.47046199999994],[-49.07605429999995,-26.470468799999935],[-49.07573999999994,-26.471009099999947],[-49.07534869999995,-26.471091799999954],[-49.07480739999994,-26.470779999999934],[-49.07476639999993,-26.470448099999942],[-49.074231399999974,-26.470605599999942],[-49.07414929999993,-26.470931399999984],[-49.073856099999944,-26.47101689999994],[-49.07370109999994,-26.471473899999978],[-49.07316869999994,-26.472129699999982],[-49.073234499999955,-26.474314599999957],[-49.07754199999994,-26.477830599999947],[-49.08069839999996,-26.48011219999995],[-49.08328529999994,-26.478187499999933],[-49.08498739999993,-26.476464199999953],[-49.088483199999985,-26.47483989999995],[-49.09115079999998,-26.47432139999995],[-49.094760099999974,-26.475143699999933],[-49.09607189999997,-26.475686699999983],[-49.09588279999997,-26.464052099999947],[-49.09344919999995,-26.463051999999948],[-49.09278299999994,-26.46348859999995],[-49.09233569999998,-26.462710699999946],[-49.09187369999995,-26.464536299999963],[-49.091314599999976,-26.464723899999967],[-49.091648299999974,-26.46504429999993],[-49.09156219999994,-26.46534799999995],[-49.09052479999997,-26.46537399999994],[-49.08772269999997,-26.46619849999996],[-49.08939719999995,-26.46362689999995],[-49.08859529999995,-26.46266929999996],[-49.08635309999994,-26.46467789999997],[-49.08433659999997,-26.465152899999964],[-49.08201969999993,-26.467082799999957],[-49.079080199999964,-26.46755859999996],[-49.07918089999998,-26.46924679999995],[-49.07951419999995,-26.469580899999983],[-49.07948509999994,-26.470023699999956],[-49.08001319999994,-26.47035399999993],[-49.07976819999993,-26.470712799999944],[-49.07961709999995,-26.472000699999967]]]}},{"type":"Feature","properties":{"name":"Amizade","municipality_code":"4208906","layer":"neighborhood","cd_regiao":"4","cd_uf":"42","cd_mun":"4208906","cd_dist":"420890605","cd_subdist":"42089060500","cd_bairro":"4208906013","cd_rgint":"4206","cd_rgi":"420016","cd_concurb":"4208906","featureKey":"AMIZADE","sliceValue":null,"sliceLabel":"Amizade"},"geometry":{"type":"Polygon","coordinates":[[[-49.09770229999998,-26.475990099999933],[-49.09898029999994,-26.475107699999967],[-49.099584499999935,-26.47444009999998],[-49.09990779999998,-26.473979199999974],[-49.10073849999998,-26.471610299999952],[-49.10101469999995,-26.47135929999996],[-49.102500099999986,-26.47083939999993],[-49.10454989999994,-26.471008499999982],[-49.10499759999993,-26.470921399999952],[-49.10557789999996,-26.47039499999994],[-49.10558919999994,-26.46928719999994],[-49.10456999999997,-26.468451999999957],[-49.10399219999994,-26.467749899999944],[-49.103945899999985,-26.46736569999996],[-49.105291499999964,-26.463967599999933],[-49.10638689999996,-26.46273009999993],[-49.10814119999998,-26.46161129999996],[-49.109220999999934,-26.46072229999993],[-49.109839299999976,-26.459437199999968],[-49.11007479999995,-26.458093799999972],[-49.11099299999995,-26.45737159999993],[-49.11153969999998,-26.457224199999928],[-49.11224589999995,-26.455968799999937],[-49.11245679999996,-26.454503399999965],[-49.11229579999997,-26.454125499999975],[-49.11170269999997,-26.453902899999946],[-49.11049459999998,-26.453971399999944],[-49.10935409999996,-26.453648199999975],[-49.10918749999996,-26.45343669999994],[-49.10943469999995,-26.452727299999935],[-49.11216509999997,-26.447996699999976],[-49.109579199999985,-26.44797909999994],[-49.10956699999997,-26.44736789999996],[-49.106321899999955,-26.447413799999936],[-49.10632579999998,-26.44795259999995],[-49.101040499999954,-26.447836499999937],[-49.08982219999996,-26.447929399999964],[-49.089919099999975,-26.44813899999997],[-49.08967499999994,-26.44846119999994],[-49.08970579999993,-26.44906199999997],[-49.089170399999944,-26.44936189999993],[-49.089481699999965,-26.449499799999955],[-49.08933669999993,-26.449908599999958],[-49.08969049999996,-26.45014919999994],[-49.08961849999997,-26.45043869999995],[-49.09003229999996,-26.450197599999967],[-49.09049999999996,-26.450295799999935],[-49.09041119999995,-26.451141099999973],[-49.090695799999935,-26.451164699999936],[-49.09077209999998,-26.451451299999974],[-49.091285899999946,-26.45122719999995],[-49.09157729999998,-26.451295399999935],[-49.091313199999945,-26.451791899999932],[-49.09150989999995,-26.451939299999935],[-49.091772799999944,-26.451778499999932],[-49.09229149999993,-26.45220949999998],[-49.093155399999944,-26.451787899999943],[-49.09345889999997,-26.451824699999975],[-49.09359009999997,-26.45163789999998],[-49.09413489999997,-26.451741899999945],[-49.09419479999997,-26.451158199999952],[-49.09488129999994,-26.451123499999937],[-49.09567979999997,-26.450699399999962],[-49.09609679999994,-26.45078719999998],[-49.09635289999994,-26.451102899999967],[-49.096935299999984,-26.451136599999927],[-49.09742699999998,-26.45141719999998],[-49.09714879999996,-26.45199779999996],[-49.09735889999996,-26.452185399999962],[-49.09724429999994,-26.452778199999955],[-49.096702499999935,-26.45323419999994],[-49.097038199999986,-26.454131899999936],[-49.097008899999935,-26.45458039999994],[-49.09570689999998,-26.45474809999996],[-49.095309199999974,-26.455196199999932],[-49.09528469999998,-26.455687799999964],[-49.09462369999994,-26.455641699999944],[-49.094921699999986,-26.456197799999927],[-49.09545749999995,-26.45654959999996],[-49.095354199999974,-26.456926099999976],[-49.094233299999985,-26.457137899999964],[-49.09383429999997,-26.456816199999935],[-49.09375449999993,-26.457270499999936],[-49.09305889999996,-26.457681399999956],[-49.092640899999935,-26.45760919999998],[-49.092666099999974,-26.45784509999993],[-49.09245389999995,-26.45790299999993],[-49.09269649999993,-26.45813629999998],[-49.093542499999955,-26.458286199999975],[-49.093827799999985,-26.459164199999975],[-49.09477209999994,-26.458897099999945],[-49.09517989999995,-26.45903149999998],[-49.09526489999996,-26.459208399999966],[-49.09418299999993,-26.46003399999995],[-49.093590699999936,-26.460936699999934],[-49.09303099999994,-26.46122669999994],[-49.09265889999995,-26.461767899999927],[-49.092341999999974,-26.461903399999983],[-49.09235209999997,-26.462430299999937],[-49.09262649999994,-26.462369799999976],[-49.09344919999995,-26.463051999999948],[-49.09588279999997,-26.464052099999947],[-49.09607189999997,-26.475686699999983],[-49.097217599999965,-26.476063499999952],[-49.09770229999998,-26.475990099999933]]]}},{"type":"Feature","properties":{"name":"Três Rios do Sul","municipality_code":"4208906","layer":"neighborhood","cd_regiao":"4","cd_uf":"42","cd_mun":"4208906","cd_dist":"420890605","cd_subdist":"42089060500","cd_bairro":"4208906014","cd_rgint":"4206","cd_rgi":"420016","cd_concurb":"4208906","featureKey":"TRES RIOS DO SUL","sliceValue":null,"sliceLabel":"Três Rios do Sul"},"geometry":{"type":"Polygon","coordinates":[[[-49.118615699999964,-26.446102999999937],[-49.117476599999975,-26.446672999999976],[-49.11548149999993,-26.44728329999998],[-49.11230309999996,-26.447833899999978],[-49.10943469999995,-26.452727299999935],[-49.10918959999998,-26.453466599999956],[-49.10940139999997,-26.453666899999973],[-49.11049459999998,-26.453971399999944],[-49.11170269999997,-26.453902899999946],[-49.11229579999997,-26.454125499999975],[-49.11245679999996,-26.454503399999965],[-49.11224589999995,-26.455968799999937],[-49.11173349999996,-26.45689169999997],[-49.11235379999994,-26.45713459999996],[-49.11298839999995,-26.457146999999964],[-49.11312049999998,-26.456765399999938],[-49.114539599999944,-26.456732399999964],[-49.11575099999993,-26.45829679999997],[-49.11639329999997,-26.45836799999995],[-49.11723059999997,-26.45892859999998],[-49.11820789999996,-26.459113199999933],[-49.119638399999985,-26.45983469999993],[-49.12078559999998,-26.461248099999978],[-49.121016699999984,-26.461835599999972],[-49.12103129999997,-26.462488099999973],[-49.12070589999996,-26.463895099999945],[-49.12081299999994,-26.464306699999952],[-49.12407549999995,-26.46409079999995],[-49.12641189999994,-26.464625099999978],[-49.12709689999997,-26.464594099999943],[-49.128111099999956,-26.464269499999943],[-49.13155249999994,-26.461707599999954],[-49.13267739999998,-26.46132419999998],[-49.13412139999997,-26.46101529999993],[-49.13641239999998,-26.46081309999994],[-49.13802949999996,-26.46009319999996],[-49.13941589999996,-26.459767799999952],[-49.14537649999994,-26.459499299999948],[-49.14483489999998,-26.457334599999967],[-49.14395289999993,-26.456889699999977],[-49.14396929999998,-26.45652569999993],[-49.14359349999995,-26.455425699999978],[-49.14372089999995,-26.45512089999994],[-49.14321819999998,-26.45485069999995],[-49.14303479999995,-26.454574899999955],[-49.14343309999998,-26.454049399999974],[-49.14309769999994,-26.453250099999934],[-49.14397269999995,-26.452726199999972],[-49.14359149999996,-26.451873999999975],[-49.137226699999985,-26.450342899999953],[-49.133038099999965,-26.44958239999994],[-49.12544959999997,-26.44712149999998],[-49.123130799999956,-26.446659099999977],[-49.118615699999964,-26.446102999999937]]]}},{"type":"Feature","properties":{"name":"Estrada Nova","municipality_code":"4208906","layer":"neighborhood","cd_regiao":"4","cd_uf":"42","cd_mun":"4208906","cd_dist":"420890605","cd_subdist":"42089060500","cd_bairro":"4208906015","cd_rgint":"4206","cd_rgi":"420016","cd_concurb":"4208906","featureKey":"ESTRADA NOVA","sliceValue":2452,"sliceLabel":"Estrada Nova"},"geometry":{"type":"Polygon","coordinates":[[[-49.11378649999995,-26.47496499999994],[-49.125699399999974,-26.477836499999967],[-49.12566959999998,-26.47914819999994],[-49.12755549999997,-26.479203299999938],[-49.128580699999986,-26.479627499999935],[-49.12887089999998,-26.479327199999943],[-49.130091499999935,-26.479881899999953],[-49.13040309999997,-26.47929799999997],[-49.13206809999997,-26.480031099999962],[-49.13328679999995,-26.480083099999945],[-49.13377019999996,-26.479844899999932],[-49.13383339999996,-26.47997799999996],[-49.13453979999997,-26.480070599999976],[-49.13488849999993,-26.479619699999944],[-49.13562979999995,-26.479667499999948],[-49.13567869999997,-26.479124999999954],[-49.13597579999998,-26.47944519999993],[-49.13633409999994,-26.47951329999995],[-49.136734599999954,-26.47927249999998],[-49.13683849999995,-26.47886539999996],[-49.13704519999993,-26.47941959999997],[-49.13763249999994,-26.479357999999934],[-49.13839509999997,-26.477785599999947],[-49.13938069999995,-26.47656969999997],[-49.13636369999995,-26.474377799999957],[-49.13611099999997,-26.474026799999933],[-49.13512609999998,-26.474029899999948],[-49.134842599999956,-26.47365899999994],[-49.13499059999998,-26.47315679999997],[-49.13459579999994,-26.472945899999957],[-49.13449769999994,-26.47264389999998],[-49.134794099999965,-26.472136599999942],[-49.13546149999996,-26.471761999999956],[-49.135252599999944,-26.471582299999966],[-49.13547569999997,-26.47125879999993],[-49.134308499999975,-26.47104399999995],[-49.13323939999998,-26.47028169999993],[-49.13316039999995,-26.470094099999983],[-49.13361619999995,-26.469636999999977],[-49.133361599999944,-26.46884799999998],[-49.13363549999997,-26.46829299999996],[-49.13327999999996,-26.46848689999996],[-49.13278089999994,-26.46816229999996],[-49.13217729999997,-26.46822439999994],[-49.13204919999998,-26.468089499999962],[-49.13054989999995,-26.46797849999996],[-49.13023569999996,-26.467814499999974],[-49.130415899999946,-26.46740319999998],[-49.130804499999954,-26.467119199999956],[-49.13065819999997,-26.466562299999964],[-49.13025669999996,-26.46627019999994],[-49.129989799999976,-26.465486099999964],[-49.13023679999998,-26.46527919999994],[-49.13108409999995,-26.465327499999944],[-49.13155299999994,-26.464951499999984],[-49.13213609999997,-26.46485119999994],[-49.132740299999966,-26.46425339999996],[-49.133262299999956,-26.46414729999998],[-49.13361299999997,-26.464280599999938],[-49.13391029999997,-26.464854099999968],[-49.134254699999985,-26.464796299999932],[-49.134446099999934,-26.46450219999997],[-49.13464729999998,-26.46454129999995],[-49.13495809999995,-26.465181599999937],[-49.135074799999984,-26.465925599999935],[-49.13498089999996,-26.466254299999946],[-49.13583159999996,-26.46646099999998],[-49.136559199999965,-26.46588889999998],[-49.136865099999966,-26.46533299999993],[-49.13742659999997,-26.465185599999984],[-49.13777639999995,-26.46491199999997],[-49.13781709999995,-26.46435219999995],[-49.13757969999995,-26.46369149999998],[-49.13784119999997,-26.463420499999984],[-49.13844489999997,-26.464117599999952],[-49.139495899999986,-26.464026899999965],[-49.13979809999995,-26.46501749999993],[-49.14038439999996,-26.46507409999998],[-49.13962499999997,-26.463613799999962],[-49.14005729999997,-26.462368199999958],[-49.139075299999945,-26.461878399999932],[-49.13802949999996,-26.46009319999996],[-49.13641239999998,-26.46081309999994],[-49.13412139999997,-26.46101529999993],[-49.13155249999994,-26.461707599999954],[-49.127672899999936,-26.464476099999956],[-49.12641189999994,-26.464625099999978],[-49.12407549999995,-26.46409079999995],[-49.12081299999994,-26.464306699999952],[-49.121199299999944,-26.46676279999997],[-49.12003839999994,-26.46711259999995],[-49.11869029999997,-26.467795199999955],[-49.112688599999956,-26.47168039999997],[-49.114934999999946,-26.47241329999997],[-49.11378649999995,-26.47496499999994]]]}},{"type":"Feature","properties":{"name":"Rau","municipality_code":"4208906","layer":"neighborhood","cd_regiao":"4","cd_uf":"42","cd_mun":"4208906","cd_dist":"420890605","cd_subdist":"42089060500","cd_bairro":"4208906016","cd_rgint":"4206","cd_rgi":"420016","cd_concurb":"4208906","featureKey":"RAU","sliceValue":7360,"sliceLabel":"Rau"},"geometry":{"type":"Polygon","coordinates":[[[-49.112688599999956,-26.47168039999997],[-49.11910029999996,-26.467561299999943],[-49.121199299999944,-26.46676279999997],[-49.12070589999996,-26.463895099999945],[-49.12103129999997,-26.462488099999973],[-49.121016699999984,-26.461835599999972],[-49.12078559999998,-26.461248099999978],[-49.119638399999985,-26.45983469999993],[-49.11820789999996,-26.459113199999933],[-49.11723059999997,-26.45892859999998],[-49.11639329999997,-26.45836799999995],[-49.11575099999993,-26.45829679999997],[-49.11469279999994,-26.45680029999994],[-49.114130899999964,-26.456709599999954],[-49.11312049999998,-26.456765399999938],[-49.11298839999995,-26.457146999999964],[-49.11235379999994,-26.45713459999996],[-49.11173349999996,-26.45689169999997],[-49.111526599999934,-26.45723529999998],[-49.11099299999995,-26.45737159999993],[-49.110136899999986,-26.458023699999956],[-49.109839299999976,-26.459437199999968],[-49.109220999999934,-26.46072229999993],[-49.10814119999998,-26.46161129999996],[-49.10638689999996,-26.46273009999993],[-49.10570549999994,-26.46345299999996],[-49.10494179999995,-26.46461729999993],[-49.10408099999995,-26.466985199999954],[-49.10862569999995,-26.468413099999964],[-49.10828139999995,-26.46911719999997],[-49.112688599999956,-26.47168039999997]]]}},{"type":"Feature","properties":{"name":"Água Verde","municipality_code":"4208906","layer":"neighborhood","cd_regiao":"4","cd_uf":"42","cd_mun":"4208906","cd_dist":"420890605","cd_subdist":"42089060500","cd_bairro":"4208906017","cd_rgint":"4206","cd_rgi":"420016","cd_concurb":"4208906","featureKey":"AGUA VERDE","sliceValue":2580,"sliceLabel":"Água Verde"},"geometry":{"type":"Polygon","coordinates":[[[-49.10139639999994,-26.474154399999975],[-49.10344489999994,-26.476398099999983],[-49.10364469999996,-26.47745809999998],[-49.10440179999995,-26.478386099999966],[-49.10508189999996,-26.479174099999966],[-49.106176999999946,-26.479872099999966],[-49.106659699999966,-26.480028999999945],[-49.10765689999994,-26.480008099999964],[-49.108222799999965,-26.480277099999967],[-49.109290999999985,-26.48018609999997],[-49.109496699999966,-26.480032199999982],[-49.11255959999994,-26.480184899999983],[-49.113367799999935,-26.48007279999996],[-49.11378649999995,-26.47496499999994],[-49.114934999999946,-26.47241329999997],[-49.112688599999956,-26.47168039999997],[-49.10828139999995,-26.46911719999997],[-49.10862569999995,-26.468413099999964],[-49.10408099999995,-26.466985199999954],[-49.103908599999954,-26.46758239999997],[-49.10399219999994,-26.467749899999944],[-49.10456999999997,-26.468451999999957],[-49.10558919999994,-26.46928719999994],[-49.10557789999996,-26.47039499999994],[-49.10499759999993,-26.470921399999952],[-49.10454989999994,-26.471008499999982],[-49.102500099999986,-26.47083939999993],[-49.10101469999995,-26.47135929999996],[-49.10073849999998,-26.471610299999952],[-49.09990779999998,-26.473979199999974],[-49.10087199999998,-26.47376309999993],[-49.10139639999994,-26.474154399999975]]]}},{"type":"Feature","properties":{"name":"Chico de Paulo","municipality_code":"4208906","layer":"neighborhood","cd_regiao":"4","cd_uf":"42","cd_mun":"4208906","cd_dist":"420890605","cd_subdist":"42089060500","cd_bairro":"4208906018","cd_rgint":"4206","cd_rgi":"420016","cd_concurb":"4208906","featureKey":"CHICO DE PAULO","sliceValue":1194,"sliceLabel":"Chico de Paulo"},"geometry":{"type":"Polygon","coordinates":[[[-49.125699399999974,-26.477836499999967],[-49.11378649999995,-26.47496499999994],[-49.113367799999935,-26.48007279999996],[-49.112239099999954,-26.480216299999938],[-49.109496699999966,-26.480032199999982],[-49.109290999999985,-26.48018609999997],[-49.108222799999965,-26.480277099999967],[-49.10765689999994,-26.480008099999964],[-49.106659699999966,-26.480028999999945],[-49.106176999999946,-26.479872099999966],[-49.10508189999996,-26.479174099999966],[-49.10366609999994,-26.477497699999958],[-49.10344489999994,-26.476398099999983],[-49.10103079999993,-26.473806099999933],[-49.09990779999998,-26.473979199999974],[-49.09898029999994,-26.475107699999967],[-49.09783999999996,-26.47594449999997],[-49.097217599999965,-26.476063499999952],[-49.09607189999997,-26.475686699999983],[-49.09718479999998,-26.476709699999958],[-49.09992879999999,-26.47840919999993],[-49.10125569999997,-26.478606799999966],[-49.102455099999986,-26.47822789999998],[-49.10248909999996,-26.48098619999996],[-49.10340779999996,-26.48091359999995],[-49.103237999999976,-26.483206699999982],[-49.104611699999964,-26.483220999999958],[-49.10455699999994,-26.484170699999936],[-49.11171429999996,-26.48446839999997],[-49.13373169999994,-26.48424069999993],[-49.13393179999997,-26.484040999999934],[-49.13438469999994,-26.484050899999943],[-49.134398499999975,-26.484368699999948],[-49.134655599999974,-26.484721999999977],[-49.135396399999934,-26.48538549999995],[-49.13581009999996,-26.485385899999983],[-49.13576009999997,-26.484822099999974],[-49.13522139999998,-26.48480019999994],[-49.13479539999997,-26.484475499999974],[-49.13463459999997,-26.483908499999927],[-49.134887799999944,-26.482418399999972],[-49.13599069999998,-26.482477999999958],[-49.136188699999934,-26.482815099999982],[-49.13662509999995,-26.482999999999947],[-49.13674999999995,-26.48329609999996],[-49.13654189999994,-26.483599099999935],[-49.13659299999995,-26.483799099999942],[-49.137746799999945,-26.48380009999994],[-49.13814999999994,-26.48440809999994],[-49.13863999999995,-26.484586099999945],[-49.13905969999996,-26.48441299999996],[-49.13990419999993,-26.48319699999996],[-49.14049159999996,-26.483059599999933],[-49.141348799999946,-26.483434699999975],[-49.14163659999997,-26.48299879999996],[-49.14312669999998,-26.48305679999993],[-49.14253249999996,-26.483946599999967],[-49.143061699999976,-26.484261499999945],[-49.14356129999993,-26.483457399999963],[-49.14376759999993,-26.483493499999952],[-49.14403089999996,-26.48418879999997],[-49.14405709999994,-26.48362709999998],[-49.14450429999994,-26.48337829999997],[-49.14533809999995,-26.48354779999994],[-49.14548369999994,-26.48376289999993],[-49.14545049999998,-26.484182399999952],[-49.145590899999945,-26.484246999999982],[-49.145821799999965,-26.484284199999934],[-49.14658089999995,-26.48380199999997],[-49.14718579999993,-26.484329799999955],[-49.14719839999998,-26.484617199999946],[-49.14695549999993,-26.484927999999968],[-49.147468799999956,-26.485063399999945],[-49.148110299999985,-26.48487119999993],[-49.14932289999996,-26.48383389999998],[-49.14861609999997,-26.483762799999965],[-49.14864159999996,-26.483284999999967],[-49.148053699999934,-26.483330299999977],[-49.14802179999998,-26.48314499999998],[-49.14825989999997,-26.48291919999997],[-49.147550499999966,-26.48231919999995],[-49.14778959999995,-26.48205729999995],[-49.14707939999994,-26.482206599999984],[-49.14685099999997,-26.481730599999935],[-49.14652939999996,-26.48167669999998],[-49.14637369999997,-26.480864999999937],[-49.145732099999975,-26.480073699999934],[-49.14464669999995,-26.479549799999972],[-49.14441149999993,-26.47888679999994],[-49.14599939999994,-26.478057999999976],[-49.14582839999997,-26.477699799999982],[-49.14454509999996,-26.47719189999998],[-49.143342099999984,-26.478330699999958],[-49.14232619999996,-26.47886539999996],[-49.14032769999994,-26.47809069999994],[-49.13909099999995,-26.480848399999957],[-49.13941559999995,-26.481372299999975],[-49.13861339999994,-26.48132329999993],[-49.13821669999993,-26.481527099999937],[-49.136828599999944,-26.481281199999955],[-49.137005999999985,-26.480605999999966],[-49.136841199999935,-26.480334099999936],[-49.13693999999998,-26.48000849999994],[-49.13763249999994,-26.479357999999934],[-49.13704519999993,-26.47941959999997],[-49.13683849999995,-26.47886539999996],[-49.136734599999954,-26.47927249999998],[-49.13633409999994,-26.47951329999995],[-49.13597579999998,-26.47944519999993],[-49.13567869999997,-26.479124999999954],[-49.13565889999995,-26.479647399999976],[-49.13488849999993,-26.479619699999944],[-49.13453979999997,-26.480070599999976],[-49.13383339999996,-26.47997799999996],[-49.13377019999996,-26.479844899999932],[-49.13328679999995,-26.480083099999945],[-49.13206809999997,-26.480031099999962],[-49.13040309999997,-26.47929799999997],[-49.130091499999935,-26.479881899999953],[-49.12887089999998,-26.479327199999943],[-49.128580699999986,-26.479627499999935],[-49.12755549999997,-26.479203299999938],[-49.12566959999998,-26.47914819999994],[-49.125699399999974,-26.477836499999967]]]}},{"type":"Feature","properties":{"name":"Vila Lenzi","municipality_code":"4208906","layer":"neighborhood","cd_regiao":"4","cd_uf":"42","cd_mun":"4208906","cd_dist":"420890605","cd_subdist":"42089060500","cd_bairro":"4208906019","cd_rgint":"4206","cd_rgi":"420016","cd_concurb":"4208906","featureKey":"VILA LENZI","sliceValue":2267,"sliceLabel":"Vila Lenzi"},"geometry":{"type":"Polygon","coordinates":[[[-49.09793569999994,-26.47814089999997],[-49.097112599999946,-26.478330599999936],[-49.09551219999997,-26.478395699999965],[-49.09468579999998,-26.48810039999995],[-49.094254099999944,-26.48873649999996],[-49.09392939999998,-26.491048399999954],[-49.094316799999945,-26.491132999999934],[-49.094210799999985,-26.49221239999997],[-49.09500319999995,-26.492433699999935],[-49.09591119999993,-26.492954099999963],[-49.09561999999994,-26.49336409999995],[-49.09827219999994,-26.49406209999995],[-49.09820129999997,-26.495981899999947],[-49.09963049999993,-26.49643839999993],[-49.09985809999995,-26.49623329999997],[-49.10047539999994,-26.49619869999998],[-49.101094899999964,-26.496656599999937],[-49.10144989999998,-26.49668889999998],[-49.103422499999965,-26.495988099999977],[-49.103931999999986,-26.49531429999996],[-49.104173999999944,-26.495241799999974],[-49.104048399999954,-26.490274399999976],[-49.104611699999964,-26.483220999999958],[-49.103237999999976,-26.483206699999982],[-49.10340779999996,-26.48091359999995],[-49.10248909999996,-26.48098619999996],[-49.102455099999986,-26.47822789999998],[-49.101472899999976,-26.478586399999983],[-49.10045749999995,-26.47855889999994],[-49.099545199999966,-26.478224299999965],[-49.09864689999995,-26.477647099999956],[-49.09793569999994,-26.47814089999997]]]}},{"type":"Feature","properties":{"name":"Nova Brasília","municipality_code":"4208906","layer":"neighborhood","cd_regiao":"4","cd_uf":"42","cd_mun":"4208906","cd_dist":"420890605","cd_subdist":"42089060500","cd_bairro":"4208906020","cd_rgint":"4206","cd_rgi":"420016","cd_concurb":"4208906","featureKey":"NOVA BRASILIA","sliceValue":3627,"sliceLabel":"Nova Brasília"},"geometry":{"type":"Polygon","coordinates":[[[-49.09551219999997,-26.478395699999965],[-49.08998729999996,-26.478520299999957],[-49.08903299999997,-26.478832499999953],[-49.08864379999994,-26.483570699999973],[-49.089261299999976,-26.483558099999982],[-49.08932999999996,-26.48402599999997],[-49.08906699999994,-26.49160839999996],[-49.09205209999993,-26.492240799999934],[-49.092435799999976,-26.491281199999946],[-49.092889699999944,-26.491375499999947],[-49.09342469999996,-26.49150489999994],[-49.093146899999965,-26.492661899999973],[-49.09411549999993,-26.49282829999993],[-49.094316799999945,-26.491132999999934],[-49.09392939999998,-26.491048399999954],[-49.094254099999944,-26.48873649999996],[-49.09468579999998,-26.48810039999995],[-49.09551219999997,-26.478395699999965]]]}},{"type":"Feature","properties":{"name":"Jaraguá Esquerdo","municipality_code":"4208906","layer":"neighborhood","cd_regiao":"4","cd_uf":"42","cd_mun":"4208906","cd_dist":"420890605","cd_subdist":"42089060500","cd_bairro":"4208906021","cd_rgint":"4206","cd_rgi":"420016","cd_concurb":"4208906","featureKey":"JARAGUA ESQUERDO","sliceValue":2563,"sliceLabel":"Jaraguá Esquerdo"},"geometry":{"type":"Polygon","coordinates":[[[-49.09500319999995,-26.492433699999935],[-49.094210799999985,-26.49221239999997],[-49.09411549999993,-26.49282829999993],[-49.093146899999965,-26.492661899999973],[-49.09342469999996,-26.49150489999994],[-49.092435799999976,-26.491281199999946],[-49.09205209999993,-26.492240799999934],[-49.08906699999994,-26.49160839999996],[-49.088503199999934,-26.495194099999935],[-49.088106799999935,-26.495190899999955],[-49.08802659999998,-26.495481199999972],[-49.09004109999995,-26.496950999999967],[-49.09020289999995,-26.497244399999943],[-49.08977569999996,-26.49828519999994],[-49.08972819999997,-26.498808199999928],[-49.08884459999996,-26.49924109999995],[-49.088498699999946,-26.499647599999946],[-49.08855579999994,-26.499867499999937],[-49.08935489999993,-26.500195599999984],[-49.09099349999997,-26.49991749999998],[-49.091571199999976,-26.50000339999997],[-49.09171169999996,-26.500631299999952],[-49.09132979999998,-26.502440499999977],[-49.091686299999935,-26.503286199999934],[-49.09239309999998,-26.50376179999995],[-49.09274129999994,-26.503787899999963],[-49.093579499999976,-26.504593599999964],[-49.09495599999997,-26.504689999999982],[-49.09595909999996,-26.50603049999995],[-49.098302099999955,-26.50654929999996],[-49.10040649999996,-26.50643709999997],[-49.10175909999998,-26.50672869999994],[-49.10300459999996,-26.50720569999993],[-49.10426759999996,-26.50718059999997],[-49.10524379999998,-26.50779559999995],[-49.106881199999975,-26.508441499999947],[-49.10756759999998,-26.506002199999955],[-49.10713579999998,-26.50397899999996],[-49.10734609999997,-26.503468299999952],[-49.106620299999975,-26.50287019999996],[-49.10798659999995,-26.498540799999944],[-49.10792589999994,-26.496375899999975],[-49.10653729999996,-26.496491899999967],[-49.10527159999998,-26.49567449999995],[-49.104173999999944,-26.495241799999974],[-49.103931999999986,-26.49531429999996],[-49.103422499999965,-26.495988099999977],[-49.10144989999998,-26.49668889999998],[-49.101094899999964,-26.496656599999937],[-49.10047539999994,-26.49619869999998],[-49.09985809999995,-26.49623329999997],[-49.09963049999993,-26.49643839999993],[-49.09912379999997,-26.49629649999997],[-49.09820129999997,-26.495981899999947],[-49.09827219999994,-26.49406209999995],[-49.09561999999994,-26.49336409999995],[-49.09591119999993,-26.492954099999963],[-49.09500319999995,-26.492433699999935]]]}},{"type":"Feature","properties":{"name":"São Luís","municipality_code":"4208906","layer":"neighborhood","cd_regiao":"4","cd_uf":"42","cd_mun":"4208906","cd_dist":"420890605","cd_subdist":"42089060500","cd_bairro":"4208906022","cd_rgint":"4206","cd_rgi":"420016","cd_concurb":"4208906","featureKey":"SAO LUIS","sliceValue":3912,"sliceLabel":"São Luís"},"geometry":{"type":"Polygon","coordinates":[[[-49.114999799999964,-26.499506999999937],[-49.112054899999976,-26.498283799999967],[-49.110829199999955,-26.49733709999998],[-49.109977199999946,-26.496331099999963],[-49.10792589999994,-26.496375899999975],[-49.10798659999995,-26.498540799999944],[-49.106620299999975,-26.50287019999996],[-49.10734609999997,-26.503468299999952],[-49.10713579999998,-26.50397899999996],[-49.10756759999998,-26.506002199999955],[-49.106881199999975,-26.508441499999947],[-49.10889249999997,-26.508771999999965],[-49.11016689999997,-26.50923419999998],[-49.11178849999993,-26.50884919999993],[-49.11229909999997,-26.509079999999983],[-49.11290479999997,-26.509933099999955],[-49.11354199999994,-26.510239599999977],[-49.11396259999998,-26.51026539999998],[-49.11703749999998,-26.508852899999965],[-49.118858099999954,-26.50748059999995],[-49.118830499999945,-26.506758599999955],[-49.118964999999946,-26.506493999999975],[-49.121288499999935,-26.50284419999997],[-49.12173059999998,-26.50257469999997],[-49.12161809999998,-26.502057699999966],[-49.12191709999996,-26.501716699999974],[-49.12296219999996,-26.499462199999982],[-49.122525199999984,-26.499501099999975],[-49.121807599999954,-26.499248799999975],[-49.12152389999994,-26.499378999999976],[-49.12092639999997,-26.499134699999956],[-49.11810639999993,-26.499314399999946],[-49.118098799999984,-26.498886399999947],[-49.11526759999998,-26.49905689999997],[-49.114999799999964,-26.499506999999937]]]}},{"type":"Feature","properties":{"name":"Tifa Martins","municipality_code":"4208906","layer":"neighborhood","cd_regiao":"4","cd_uf":"42","cd_mun":"4208906","cd_dist":"420890605","cd_subdist":"42089060500","cd_bairro":"4208906023","cd_rgint":"4206","cd_rgi":"420016","cd_concurb":"4208906","featureKey":"TIFA MARTINS","sliceValue":3411,"sliceLabel":"Tifa Martins"},"geometry":{"type":"Polygon","coordinates":[[[-49.109977199999946,-26.496331099999963],[-49.112054899999976,-26.498283799999967],[-49.114999799999964,-26.499506999999937],[-49.11526759999998,-26.49905689999997],[-49.118098799999984,-26.498886399999947],[-49.11810639999993,-26.499314399999946],[-49.12092639999997,-26.499134699999956],[-49.12152389999994,-26.499378999999976],[-49.121807599999954,-26.499248799999975],[-49.122525199999984,-26.499501099999975],[-49.12296219999996,-26.499462199999982],[-49.12308399999995,-26.498620099999982],[-49.123247799999945,-26.498403099999962],[-49.12443689999998,-26.49865909999994],[-49.12468889999997,-26.49822309999996],[-49.12547079999996,-26.49808909999996],[-49.125687899999946,-26.497445999999968],[-49.126096899999936,-26.49723309999996],[-49.12649289999996,-26.497319999999945],[-49.12722689999998,-26.496869999999944],[-49.12853409999997,-26.49736009999998],[-49.12923099999995,-26.497280099999955],[-49.12958699999996,-26.496984099999963],[-49.12928679999993,-26.49627309999994],[-49.129384699999946,-26.49595199999993],[-49.12877089999995,-26.49605409999998],[-49.12807899999996,-26.495866099999944],[-49.12804479999994,-26.49558509999997],[-49.12835299999995,-26.49543799999998],[-49.12875909999997,-26.494887999999946],[-49.12907409999997,-26.494815999999958],[-49.12972999999994,-26.49494809999993],[-49.129885799999954,-26.495650099999978],[-49.13039599999996,-26.49489509999995],[-49.13093089999995,-26.494882099999984],[-49.13100979999996,-26.49427309999993],[-49.131786799999986,-26.493643899999938],[-49.13354089999996,-26.49294889999993],[-49.13357629999996,-26.484312899999964],[-49.13373169999994,-26.48424069999993],[-49.11171429999996,-26.48446839999997],[-49.10455699999994,-26.484170699999936],[-49.104048399999954,-26.490274399999976],[-49.104173999999944,-26.495241799999974],[-49.10527159999998,-26.49567449999995],[-49.10653729999996,-26.496491899999967],[-49.109977199999946,-26.496331099999963]]]}},{"type":"Feature","properties":{"name":"Parque Malwee","municipality_code":"4208906","layer":"neighborhood","cd_regiao":"4","cd_uf":"42","cd_mun":"4208906","cd_dist":"420890605","cd_subdist":"42089060500","cd_bairro":"4208906024","cd_rgint":"4206","cd_rgi":"420016","cd_concurb":"4208906","featureKey":"PARQUE MALWEE","sliceValue":null,"sliceLabel":"Parque Malwee"},"geometry":{"type":"Polygon","coordinates":[[[-49.12296219999996,-26.499462199999982],[-49.12191709999996,-26.501716699999974],[-49.12161809999998,-26.502057699999966],[-49.12173059999998,-26.50257469999997],[-49.121288499999935,-26.50284419999997],[-49.118964999999946,-26.506493999999975],[-49.118830499999945,-26.506758599999955],[-49.118858099999954,-26.50748059999995],[-49.11980939999995,-26.507550899999956],[-49.12028849999996,-26.507757399999946],[-49.120470799999964,-26.50801119999994],[-49.120626999999956,-26.509085399999947],[-49.12038769999998,-26.51017509999997],[-49.120401699999945,-26.51086289999995],[-49.12078079999998,-26.51143579999996],[-49.121594899999934,-26.51163299999996],[-49.12310299999996,-26.511706299999958],[-49.124716399999954,-26.511391799999956],[-49.12594489999998,-26.51241609999994],[-49.12726399999997,-26.512910199999965],[-49.12745239999998,-26.51264919999994],[-49.12722409999998,-26.51191609999995],[-49.127381499999956,-26.510820199999955],[-49.12724869999994,-26.509463299999936],[-49.12896529999995,-26.50948589999996],[-49.13004059999997,-26.50913769999994],[-49.13050419999996,-26.508822299999963],[-49.13170119999995,-26.508776999999952],[-49.13253919999994,-26.508244499999932],[-49.13254089999998,-26.50803149999996],[-49.13222449999995,-26.507807899999932],[-49.13187759999994,-26.507155199999943],[-49.13135079999995,-26.506688199999928],[-49.13133769999996,-26.506293699999958],[-49.132451799999956,-26.505424999999946],[-49.13345469999996,-26.50552739999995],[-49.13388869999994,-26.50496409999994],[-49.13464499999998,-26.504772699999933],[-49.13481889999997,-26.504322099999968],[-49.13469769999995,-26.503036099999974],[-49.13546229999997,-26.50252489999997],[-49.13715799999994,-26.502950099999964],[-49.137878599999965,-26.502954699999975],[-49.139184599999965,-26.50242869999994],[-49.139423599999986,-26.50182849999993],[-49.13958409999998,-26.500663499999973],[-49.13900129999996,-26.499666699999977],[-49.13994029999998,-26.499482899999975],[-49.14015329999995,-26.499244499999975],[-49.139594199999976,-26.49873199999996],[-49.13965809999996,-26.498466699999938],[-49.140926399999955,-26.498317399999962],[-49.14108259999995,-26.49883189999997],[-49.14128069999998,-26.498937999999953],[-49.14202119999993,-26.498774199999957],[-49.14213929999994,-26.498230699999965],[-49.14239379999998,-26.49807979999997],[-49.14306979999998,-26.498410599999943],[-49.144375199999956,-26.49852119999997],[-49.14535889999996,-26.49913449999997],[-49.14522439999996,-26.49953519999997],[-49.14543219999996,-26.49977949999993],[-49.14881459999998,-26.500782399999935],[-49.15016319999995,-26.499809699999958],[-49.150509399999976,-26.49909539999993],[-49.151590699999986,-26.498387899999955],[-49.15231609999995,-26.49879509999994],[-49.15265379999994,-26.498216599999978],[-49.15320359999998,-26.498217299999965],[-49.154233199999965,-26.49923279999996],[-49.15609129999996,-26.49848839999993],[-49.156499199999985,-26.498187499999972],[-49.15643499999993,-26.497411299999953],[-49.15670879999993,-26.49699739999994],[-49.15320389999994,-26.49529169999994],[-49.151860099999965,-26.495146399999953],[-49.15122229999997,-26.49522819999993],[-49.15102049999996,-26.49469689999995],[-49.14959299999998,-26.494205999999963],[-49.14850459999997,-26.49412559999996],[-49.14788549999997,-26.49471929999993],[-49.14750959999998,-26.49474189999995],[-49.14742019999994,-26.49425919999993],[-49.147546999999975,-26.49365119999993],[-49.14706669999998,-26.49343769999996],[-49.14631749999995,-26.493521399999963],[-49.145912599999974,-26.493922699999928],[-49.145196699999985,-26.494235599999968],[-49.14441889999995,-26.494079299999953],[-49.143978999999945,-26.493720499999938],[-49.14396119999998,-26.493327499999964],[-49.14405979999998,-26.492955799999947],[-49.14457059999995,-26.492582999999968],[-49.144141899999966,-26.49219329999994],[-49.14457089999996,-26.491781299999957],[-49.14463039999998,-26.491476399999954],[-49.14450769999996,-26.491249099999948],[-49.14382439999997,-26.491205099999945],[-49.14361119999995,-26.490584299999966],[-49.14507599999996,-26.490421099999935],[-49.145225299999936,-26.49072949999993],[-49.145760199999984,-26.490390399999967],[-49.14689309999994,-26.490049099999965],[-49.147511399999985,-26.49010899999996],[-49.14775839999999,-26.488760399999933],[-49.147664099999986,-26.488361399999974],[-49.14683859999997,-26.48826729999996],[-49.14656929999995,-26.48771119999998],[-49.14580059999997,-26.487916299999938],[-49.145522899999946,-26.48769459999994],[-49.14497839999996,-26.487648899999954],[-49.14441179999994,-26.486902199999975],[-49.14399539999994,-26.48737219999998],[-49.143340199999955,-26.487291099999936],[-49.14292679999994,-26.486691999999948],[-49.142963099999974,-26.48624849999993],[-49.142265099999975,-26.48599809999996],[-49.14184899999998,-26.485341999999946],[-49.14123369999999,-26.484870599999965],[-49.14025499999997,-26.48494979999998],[-49.13994399999996,-26.48412929999995],[-49.13951049999997,-26.483838899999967],[-49.13891279999996,-26.484542099999942],[-49.138453899999945,-26.484546099999932],[-49.13814999999994,-26.48440809999994],[-49.137746799999945,-26.48380009999994],[-49.13659299999995,-26.483799099999942],[-49.13654189999994,-26.483599099999935],[-49.13674999999995,-26.48329609999996],[-49.13662509999995,-26.482999999999947],[-49.136188699999934,-26.482815099999982],[-49.13599069999998,-26.482477999999958],[-49.134887799999944,-26.482418399999972],[-49.13463459999997,-26.483908499999927],[-49.13479539999997,-26.484475499999974],[-49.13522139999998,-26.48480019999994],[-49.13576009999997,-26.484822099999974],[-49.13581009999996,-26.485385899999983],[-49.135396399999934,-26.48538549999995],[-49.134655599999974,-26.484721999999977],[-49.134398499999975,-26.484368699999948],[-49.13438469999994,-26.484050899999943],[-49.13393179999997,-26.484040999999934],[-49.13357629999996,-26.484312899999964],[-49.13354089999996,-26.49294889999993],[-49.131786799999986,-26.493643899999938],[-49.13100979999996,-26.49427309999993],[-49.13093089999995,-26.494882099999984],[-49.13039599999996,-26.49489509999995],[-49.129885799999954,-26.495650099999978],[-49.12972999999994,-26.49494809999993],[-49.12907409999997,-26.494815999999958],[-49.12875909999997,-26.494887999999946],[-49.12835299999995,-26.49543799999998],[-49.12804479999994,-26.49558509999997],[-49.12807899999996,-26.495866099999944],[-49.12877089999995,-26.49605409999998],[-49.129384699999946,-26.49595199999993],[-49.12928679999993,-26.49627309999994],[-49.12958699999996,-26.496984099999963],[-49.12923099999995,-26.497280099999955],[-49.12853409999997,-26.49736009999998],[-49.12722689999998,-26.496869999999944],[-49.12649289999996,-26.497319999999945],[-49.126096899999936,-26.49723309999996],[-49.125687899999946,-26.497445999999968],[-49.12547079999996,-26.49808909999996],[-49.12468889999997,-26.49822309999996],[-49.12443689999998,-26.49865909999994],[-49.123247799999945,-26.498403099999962],[-49.12308399999995,-26.498620099999982],[-49.12296219999996,-26.499462199999982]]]}},{"type":"Feature","properties":{"name":"Tifa Monos","municipality_code":"4208906","layer":"neighborhood","cd_regiao":"4","cd_uf":"42","cd_mun":"4208906","cd_dist":"420890605","cd_subdist":"42089060500","cd_bairro":"4208906025","cd_rgint":"4206","cd_rgi":"420016","cd_concurb":"4208906","featureKey":"TIFA MONOS","sliceValue":385,"sliceLabel":"Tifa Monos"},"geometry":{"type":"Polygon","coordinates":[[[-49.13802949999996,-26.46009319999996],[-49.139075299999945,-26.461878399999932],[-49.14005729999997,-26.462368199999958],[-49.13962499999997,-26.463613799999962],[-49.14049339999997,-26.46523609999997],[-49.14101109999996,-26.465652199999965],[-49.14134489999998,-26.465164799999968],[-49.14214339999995,-26.465189099999975],[-49.14286839999994,-26.464025799999945],[-49.14351089999997,-26.464221599999973],[-49.14379189999994,-26.465111699999966],[-49.14423369999997,-26.465600499999937],[-49.14434499999993,-26.46596729999993],[-49.14417769999994,-26.466604099999984],[-49.143400199999974,-26.466878299999962],[-49.144014599999934,-26.467303799999968],[-49.14378329999994,-26.468068999999957],[-49.143836599999986,-26.46852759999996],[-49.144274999999936,-26.46800509999997],[-49.14576489999996,-26.46682389999995],[-49.146633099999974,-26.46667649999995],[-49.14679389999998,-26.466072099999963],[-49.14732539999994,-26.465766599999938],[-49.14717439999998,-26.464791099999957],[-49.14669739999994,-26.46415129999997],[-49.146763299999975,-26.463889799999947],[-49.14745919999996,-26.46353359999995],[-49.148362599999984,-26.463963699999965],[-49.148576299999945,-26.46623889999995],[-49.14821919999997,-26.466607799999963],[-49.148292699999956,-26.46701829999995],[-49.14767519999998,-26.46725209999994],[-49.14738319999998,-26.467588699999965],[-49.14729319999998,-26.46796809999995],[-49.147452199999975,-26.468866399999968],[-49.147663199999954,-26.469132499999944],[-49.14702149999994,-26.469426599999963],[-49.147664299999974,-26.46969699999994],[-49.147582399999976,-26.470888799999955],[-49.14783629999994,-26.47074749999996],[-49.14810749999998,-26.470230199999946],[-49.14860679999998,-26.470281399999976],[-49.14917749999995,-26.470083399999965],[-49.14962769999994,-26.47031549999997],[-49.14990169999993,-26.470047999999963],[-49.149563899999976,-26.469572699999958],[-49.14884669999998,-26.469394399999942],[-49.148644899999965,-26.46864119999998],[-49.14874439999994,-26.46787869999997],[-49.14890909999997,-26.467714399999977],[-49.14947149999995,-26.467707899999937],[-49.14963709999995,-26.466945599999974],[-49.150165699999945,-26.46699289999998],[-49.15053219999999,-26.466799999999978],[-49.15052049999997,-26.466242499999964],[-49.15095899999994,-26.46600209999997],[-49.151698299999964,-26.466262899999947],[-49.152383999999984,-26.46688439999997],[-49.15262889999997,-26.46676539999993],[-49.15266539999993,-26.467186699999957],[-49.15419339999994,-26.467355099999963],[-49.154882499999985,-26.467187299999978],[-49.15514619999993,-26.466742599999975],[-49.155417099999966,-26.46664149999998],[-49.15589539999996,-26.467101299999968],[-49.15659189999997,-26.466943899999933],[-49.15688279999995,-26.46735149999995],[-49.15704619999997,-26.467201699999976],[-49.15762179999996,-26.46715219999993],[-49.15801979999998,-26.467262999999946],[-49.15834109999997,-26.46766889999998],[-49.15869589999994,-26.46779609999993],[-49.15965529999994,-26.467780799999957],[-49.159918999999945,-26.468015999999977],[-49.15977869999995,-26.468618599999957],[-49.16010829999993,-26.468481999999938],[-49.160555199999976,-26.46862859999993],[-49.16164429999998,-26.469434699999965],[-49.162634699999956,-26.469456099999945],[-49.16276959999993,-26.469887099999937],[-49.16318869999998,-26.470119499999953],[-49.16334509999996,-26.470115799999974],[-49.16390729999995,-26.469389299999932],[-49.16454799999997,-26.466918299999975],[-49.16417219999994,-26.466815399999973],[-49.16426169999994,-26.466256199999975],[-49.16361749999993,-26.466097399999967],[-49.163232799999946,-26.465301099999976],[-49.16231119999998,-26.46446899999995],[-49.16210539999997,-26.463896399999953],[-49.16267799999997,-26.462670599999967],[-49.16257069999995,-26.461623799999927],[-49.16179669999997,-26.45932879999998],[-49.16140749999994,-26.459172199999955],[-49.16045909999997,-26.459020099999975],[-49.16014699999994,-26.458829599999945],[-49.14008739999997,-26.45970429999994],[-49.13802949999996,-26.46009319999996]]]}},{"type":"Feature","properties":{"name":"Nereu Ramos","municipality_code":"4208906","layer":"neighborhood","cd_regiao":"4","cd_uf":"42","cd_mun":"4208906","cd_dist":"420890605","cd_subdist":"42089060500","cd_bairro":"4208906026","cd_rgint":"4206","cd_rgi":"420016","cd_concurb":"4208906","featureKey":"NEREU RAMOS","sliceValue":2553,"sliceLabel":"Nereu Ramos"},"geometry":{"type":"Polygon","coordinates":[[[-49.16797199999996,-26.458384999999964],[-49.17139219999996,-26.458428999999967],[-49.17501009999995,-26.45911659999996],[-49.17730809999995,-26.459031299999936],[-49.185695599999974,-26.456749299999956],[-49.186550299999965,-26.456227699999943],[-49.187084899999945,-26.45559899999995],[-49.178823299999976,-26.446066599999938],[-49.17791699999998,-26.44598919999993],[-49.17728979999998,-26.445704199999966],[-49.175060299999984,-26.44524629999995],[-49.17456409999994,-26.44491229999994],[-49.17442749999998,-26.444189299999948],[-49.17375079999994,-26.44347659999994],[-49.172029399999985,-26.442745499999944],[-49.17100279999994,-26.442533999999966],[-49.17037009999996,-26.442618599999946],[-49.169593599999985,-26.443105499999945],[-49.16803829999998,-26.443641199999945],[-49.167080399999975,-26.44436639999998],[-49.16684739999994,-26.44532849999996],[-49.16711609999993,-26.447448399999928],[-49.16682509999998,-26.447937999999965],[-49.166369799999984,-26.448051299999975],[-49.165743299999974,-26.447956699999963],[-49.16461859999998,-26.447171999999966],[-49.16360949999995,-26.44680599999998],[-49.16267959999993,-26.446921499999974],[-49.16173139999995,-26.44733919999993],[-49.16073409999996,-26.44907749999993],[-49.158046199999944,-26.451642099999958],[-49.15719539999998,-26.453710199999932],[-49.15680789999993,-26.45402669999993],[-49.15605679999993,-26.454072999999937],[-49.153444699999966,-26.45373109999997],[-49.148450099999934,-26.453676299999984],[-49.14359149999996,-26.451873999999975],[-49.14396999999997,-26.45273839999993],[-49.14308409999995,-26.45329369999996],[-49.14343309999998,-26.454049399999974],[-49.143038299999944,-26.454586499999948],[-49.14372089999995,-26.45512089999994],[-49.14359349999995,-26.455425699999978],[-49.14396929999998,-26.45652569999993],[-49.14395289999993,-26.456889699999977],[-49.14483489999998,-26.457334599999967],[-49.14537649999994,-26.459499299999948],[-49.167119999999954,-26.458532899999966],[-49.16797199999996,-26.458384999999964]]]}},{"type":"Feature","properties":{"name":"Rio Cerro I","municipality_code":"4208906","layer":"neighborhood","cd_regiao":"4","cd_uf":"42","cd_mun":"4208906","cd_dist":"420890605","cd_subdist":"42089060500","cd_bairro":"4208906027","cd_rgint":"4206","cd_rgi":"420016","cd_concurb":"4208906","featureKey":"RIO CERRO I","sliceValue":903,"sliceLabel":"Rio Cerro I"},"geometry":{"type":"Polygon","coordinates":[[[-49.143087399999956,-26.56184829999995],[-49.14600649999994,-26.561813899999947],[-49.14779139999996,-26.56281189999993],[-49.149000599999965,-26.56311069999998],[-49.15028539999997,-26.563099499999964],[-49.15181919999998,-26.56279459999996],[-49.15122219999995,-26.561115099999938],[-49.151576999999975,-26.56033549999995],[-49.15151489999994,-26.55993509999996],[-49.15101059999995,-26.56014829999998],[-49.14956779999994,-26.557005999999944],[-49.14309169999996,-26.545071099999973],[-49.14106889999994,-26.545332599999938],[-49.14114639999997,-26.542774399999928],[-49.14179589999998,-26.542715899999962],[-49.13703499999997,-26.53406229999996],[-49.13571559999997,-26.532542599999942],[-49.13631659999999,-26.531833999999947],[-49.136798699999986,-26.530734799999948],[-49.13500559999994,-26.530051499999956],[-49.13496589999994,-26.530574099999967],[-49.134227299999964,-26.531580599999984],[-49.134002899999984,-26.53219869999998],[-49.133730999999955,-26.53224899999998],[-49.13350389999994,-26.532102099999975],[-49.13327199999998,-26.532236099999977],[-49.13326079999996,-26.53196799999995],[-49.13117209999996,-26.532207699999958],[-49.13042569999993,-26.532588499999974],[-49.12997859999996,-26.53195949999997],[-49.128444299999956,-26.532785399999966],[-49.12583689999997,-26.531382599999972],[-49.12491909999994,-26.53141839999995],[-49.12451109999995,-26.531689399999948],[-49.12342129999996,-26.531171599999936],[-49.12362469999994,-26.532065699999976],[-49.123551099999986,-26.532368599999984],[-49.12372379999994,-26.532641699999942],[-49.12321879999996,-26.532989199999975],[-49.123369199999956,-26.53328149999993],[-49.123882099999946,-26.53337319999997],[-49.12390229999994,-26.534143399999948],[-49.12468039999993,-26.534388399999955],[-49.12504789999997,-26.53356089999994],[-49.124998999999946,-26.53328369999997],[-49.12528059999994,-26.532841299999973],[-49.12616719999994,-26.532917599999962],[-49.12598269999995,-26.533423899999946],[-49.12651699999998,-26.533823299999938],[-49.125242699999944,-26.53502949999995],[-49.125381699999934,-26.535638199999937],[-49.124829799999986,-26.536556099999927],[-49.12409809999997,-26.536958699999957],[-49.12452659999997,-26.53727509999993],[-49.12460619999996,-26.53771519999998],[-49.12427599999995,-26.537989099999947],[-49.12392219999998,-26.537960599999963],[-49.12390949999997,-26.538198799999975],[-49.12325809999993,-26.538626199999953],[-49.12265129999997,-26.538710099999946],[-49.122851399999945,-26.540606199999957],[-49.120940099999984,-26.540751299999954],[-49.12006309999998,-26.54212549999994],[-49.12011849999993,-26.54423319999995],[-49.12209359999997,-26.544216499999948],[-49.12363929999998,-26.54454379999993],[-49.12395609999993,-26.54584909999994],[-49.12307219999997,-26.54956139999996],[-49.12262469999996,-26.552669799999933],[-49.12255259999995,-26.55523299999993],[-49.12282209999995,-26.557610199999942],[-49.12225999999998,-26.55766879999993],[-49.12200909999996,-26.557962499999974],[-49.12169949999998,-26.559397599999954],[-49.12322519999998,-26.55986669999993],[-49.12403939999996,-26.563080599999978],[-49.124887299999955,-26.561610499999972],[-49.12592539999997,-26.561419299999955],[-49.12619289999998,-26.560761399999933],[-49.126558999999986,-26.560366099999953],[-49.12656359999994,-26.561545099999933],[-49.12696099999994,-26.562102899999957],[-49.12764189999996,-26.56261319999993],[-49.12862529999995,-26.561302699999942],[-49.129622799999936,-26.56091289999995],[-49.13020099999994,-26.560208199999977],[-49.13031969999997,-26.560910699999965],[-49.130998799999986,-26.56147169999997],[-49.13164359999996,-26.560991799999954],[-49.132104899999945,-26.561259199999938],[-49.13123109999998,-26.563147399999934],[-49.13115309999995,-26.563538999999935],[-49.131372399999975,-26.563827199999935],[-49.13137919999997,-26.564300499999945],[-49.13053309999998,-26.565714999999955],[-49.13133739999995,-26.566248499999972],[-49.130673299999955,-26.56750119999998],[-49.13098129999997,-26.568559999999934],[-49.129976899999974,-26.570082699999944],[-49.12969489999995,-26.57021579999997],[-49.12947959999997,-26.570110799999952],[-49.12930949999998,-26.57063009999996],[-49.129052599999966,-26.57067989999996],[-49.12912529999994,-26.57123359999997],[-49.12848109999993,-26.571172099999956],[-49.12893719999994,-26.571860399999935],[-49.12886069999996,-26.572249799999952],[-49.128605999999934,-26.572307499999965],[-49.12887029999996,-26.57289049999997],[-49.12831989999995,-26.573668699999928],[-49.127554299999986,-26.57431109999993],[-49.12787199999997,-26.574637999999936],[-49.127778699999965,-26.575724299999933],[-49.12820319999997,-26.575494299999946],[-49.128490399999976,-26.57564899999994],[-49.13597939999994,-26.575382099999956],[-49.138157399999955,-26.575467199999935],[-49.139545699999985,-26.57519499999995],[-49.14348879999994,-26.57511349999993],[-49.14260279999996,-26.574049699999932],[-49.14144779999998,-26.571271999999965],[-49.14133859999998,-26.56909479999996],[-49.14101679999993,-26.56889089999993],[-49.14101059999996,-26.568456099999935],[-49.14109209999998,-26.566768799999977],[-49.142102299999976,-26.564494699999955],[-49.14225229999994,-26.56386589999994],[-49.142228899999964,-26.562681899999973],[-49.143087399999956,-26.56184829999995]]]}},{"type":"Feature","properties":{"name":"Rio Cerro II","municipality_code":"4208906","layer":"neighborhood","cd_regiao":"4","cd_uf":"42","cd_mun":"4208906","cd_dist":"420890605","cd_subdist":"42089060500","cd_bairro":"4208906028","cd_rgint":"4206","cd_rgi":"420016","cd_concurb":"4208906","featureKey":"RIO CERRO II","sliceValue":1687,"sliceLabel":"Rio Cerro II"},"geometry":{"type":"Polygon","coordinates":[[[-49.144339799999955,-26.57509159999995],[-49.139545699999985,-26.57519499999995],[-49.138157399999955,-26.575467199999935],[-49.13597939999994,-26.575382099999956],[-49.136343099999976,-26.576157299999977],[-49.13617149999993,-26.57745129999995],[-49.136919999999975,-26.577433699999972],[-49.138004799999976,-26.57982809999993],[-49.13802359999994,-26.580990799999938],[-49.137738499999955,-26.581368399999974],[-49.13767479999996,-26.581895199999963],[-49.13786319999997,-26.582010399999945],[-49.14235569999994,-26.58202149999994],[-49.14233379999996,-26.581876499999964],[-49.145491799999945,-26.581842799999947],[-49.14536019999997,-26.58152519999993],[-49.145507899999984,-26.57886819999993],[-49.145376099999964,-26.57766909999998],[-49.14441879999998,-26.57602959999997],[-49.144339799999955,-26.57509159999995]]]}},{"type":"Feature","properties":{"name":"Rio da Luz","municipality_code":"4208906","layer":"neighborhood","cd_regiao":"4","cd_uf":"42","cd_mun":"4208906","cd_dist":"420890605","cd_subdist":"42089060500","cd_bairro":"4208906029","cd_rgint":"4206","cd_rgi":"420016","cd_concurb":"4208906","featureKey":"RIO DA LUZ","sliceValue":2030,"sliceLabel":"Rio da Luz"},"geometry":{"type":"Polygon","coordinates":[[[-49.162498599999935,-26.565299799999934],[-49.172810899999945,-26.560018799999966],[-49.17251599999997,-26.55886099999998],[-49.172960099999955,-26.558165299999928],[-49.17238299999997,-26.55809839999995],[-49.171752899999944,-26.55842089999993],[-49.171227999999985,-26.557967299999973],[-49.171331399999985,-26.557743399999936],[-49.17122969999997,-26.55740179999998],[-49.17143679999998,-26.557127299999934],[-49.17262449999998,-26.556240699999933],[-49.17227379999997,-26.556235699999945],[-49.17210219999998,-26.556006699999955],[-49.17213849999996,-26.55562589999994],[-49.172459799999956,-26.55536589999997],[-49.172614299999964,-26.554838699999948],[-49.17172579999993,-26.55535109999994],[-49.17152109999995,-26.555304499999977],[-49.17130739999993,-26.555893399999945],[-49.17023199999994,-26.556599799999958],[-49.16950419999995,-26.556671799999947],[-49.16894129999997,-26.556214199999943],[-49.16854159999997,-26.55610459999997],[-49.16800649999993,-26.555536399999937],[-49.16781089999995,-26.554995799999972],[-49.167843699999935,-26.553678099999956],[-49.16744499999999,-26.553485699999953],[-49.16754199999997,-26.55295129999996],[-49.167281499999945,-26.552958599999954],[-49.16660489999998,-26.55249779999997],[-49.16638819999997,-26.551310399999977],[-49.16565399999996,-26.55166239999994],[-49.16540489999994,-26.55159969999994],[-49.165372299999945,-26.55132759999998],[-49.16575149999994,-26.550983799999983],[-49.16501049999994,-26.550409899999977],[-49.16500839999998,-26.54923699999995],[-49.16532269999993,-26.548501599999952],[-49.16646879999996,-26.54872599999993],[-49.16640259999997,-26.548381499999948],[-49.16686779999998,-26.54807599999998],[-49.166543299999944,-26.547830399999953],[-49.166622099999984,-26.547580099999948],[-49.16634669999996,-26.547196499999927],[-49.16596339999995,-26.546956499999965],[-49.165305399999966,-26.546873699999935],[-49.16492939999995,-26.54623559999993],[-49.16528619999997,-26.54604489999997],[-49.16663029999995,-26.545928599999968],[-49.16832859999994,-26.545979899999963],[-49.16873899999996,-26.546054599999934],[-49.168895099999986,-26.54634679999998],[-49.171856599999956,-26.54631889999996],[-49.17305429999993,-26.546499599999947],[-49.17311049999995,-26.54675579999997],[-49.17314699999997,-26.546584399999972],[-49.17298939999995,-26.546280199999956],[-49.17231489999995,-26.545848399999954],[-49.17215089999996,-26.54596689999994],[-49.17225029999997,-26.54580429999993],[-49.17210279999995,-26.545723099999975],[-49.17189939999997,-26.545901499999957],[-49.17121549999996,-26.54547409999998],[-49.171155699999986,-26.54516719999998],[-49.170359099999985,-26.544347499999958],[-49.17030669999997,-26.54373819999995],[-49.16964389999998,-26.543931399999963],[-49.16853039999995,-26.54362569999995],[-49.16813319999994,-26.543767299999956],[-49.16767749999997,-26.543296699999928],[-49.16781999999995,-26.54314679999993],[-49.16707169999995,-26.54291749999993],[-49.16680649999995,-26.54333889999998],[-49.16655389999994,-26.54341069999998],[-49.16617949999994,-26.54325639999996],[-49.16621029999993,-26.54292799999996],[-49.16582029999995,-26.54289579999994],[-49.165808399999946,-26.542565099999933],[-49.165530399999966,-26.54273369999993],[-49.16533679999998,-26.542647599999952],[-49.16518169999995,-26.54214969999998],[-49.16458309999996,-26.541980099999932],[-49.16418189999996,-26.542058399999974],[-49.163876699999946,-26.541432199999974],[-49.16253279999995,-26.541234199999963],[-49.16222259999995,-26.54082969999996],[-49.16226579999994,-26.539969699999972],[-49.161384399999974,-26.539946099999952],[-49.16085389999995,-26.539170399999932],[-49.16038139999995,-26.53922549999993],[-49.16039099999995,-26.538869899999952],[-49.159883399999956,-26.539000999999928],[-49.15944909999996,-26.53887579999997],[-49.15879669999998,-26.539456599999937],[-49.15843579999995,-26.53941119999996],[-49.15787099999994,-26.538861699999927],[-49.158199999999965,-26.537969499999974],[-49.15788059999994,-26.53798059999997],[-49.15795669999994,-26.537392799999964],[-49.157836299999985,-26.53708009999997],[-49.157772799999975,-26.53743739999993],[-49.15727799999996,-26.537811199999965],[-49.156336099999976,-26.537719399999958],[-49.15560889999995,-26.53699329999995],[-49.15549949999996,-26.53663819999997],[-49.15505609999997,-26.53694749999994],[-49.15461979999998,-26.536710399999947],[-49.15425949999997,-26.53610059999994],[-49.15325829999995,-26.53660309999998],[-49.15309139999994,-26.536506499999973],[-49.15301709999994,-26.536132599999974],[-49.15238769999996,-26.536556899999937],[-49.15224669999998,-26.536351799999977],[-49.15224649999993,-26.535444299999938],[-49.15187219999996,-26.53567789999994],[-49.151658699999984,-26.535545499999955],[-49.15140829999996,-26.535631699999954],[-49.150954499999955,-26.536156199999937],[-49.15038739999994,-26.53628089999995],[-49.15010479999995,-26.535962799999936],[-49.150636299999974,-26.535594999999944],[-49.150771099999986,-26.53439199999997],[-49.15064609999996,-26.534244299999955],[-49.15014489999999,-26.534255799999983],[-49.15012309999997,-26.533454499999948],[-49.15001259999997,-26.533368999999936],[-49.14935579999997,-26.53381779999995],[-49.14886789999997,-26.53356359999998],[-49.148664199999985,-26.53323469999998],[-49.148126599999955,-26.533382999999958],[-49.14779619999996,-26.533208499999944],[-49.14745919999996,-26.53254119999997],[-49.14705559999993,-26.532739799999945],[-49.14671009999995,-26.532694299999946],[-49.14658069999996,-26.532403699999975],[-49.14691799999997,-26.531992199999934],[-49.146488999999974,-26.531872199999952],[-49.14641809999995,-26.53166639999995],[-49.146618899999964,-26.531430099999966],[-49.14591159999998,-26.53148269999997],[-49.14506869999997,-26.53093229999996],[-49.14519789999997,-26.530501499999957],[-49.14456219999994,-26.530516499999976],[-49.14500859999998,-26.530019299999935],[-49.14490289999998,-26.529964199999938],[-49.14526129999996,-26.529425299999957],[-49.14424679999996,-26.52934719999996],[-49.14425229999995,-26.52918599999998],[-49.143897799999934,-26.52900779999993],[-49.143755399999975,-26.528727999999944],[-49.143921199999966,-26.52852329999996],[-49.14378749999997,-26.52837599999998],[-49.143844799999954,-26.528103399999964],[-49.14339419999993,-26.527977499999963],[-49.143462699999986,-26.52760189999998],[-49.14268729999998,-26.527701999999977],[-49.14070099999998,-26.528602099999944],[-49.13741299999998,-26.53100569999998],[-49.136798699999986,-26.530734799999948],[-49.13631659999999,-26.531833999999947],[-49.13571559999997,-26.532542599999942],[-49.13703499999997,-26.53406229999996],[-49.14179589999998,-26.542715899999962],[-49.14114639999997,-26.542774399999928],[-49.14106889999994,-26.545332599999938],[-49.14309169999996,-26.545071099999973],[-49.14956779999994,-26.557005999999944],[-49.15101059999995,-26.56014829999998],[-49.15151489999994,-26.55993509999996],[-49.151576999999975,-26.56033549999995],[-49.15122219999995,-26.561115099999938],[-49.15181919999998,-26.56279459999996],[-49.15282359999998,-26.562422099999935],[-49.153735799999936,-26.561820599999976],[-49.154535399999986,-26.560664799999984],[-49.15463989999995,-26.559984399999962],[-49.15569849999997,-26.558999899999947],[-49.156997599999954,-26.558531899999934],[-49.158186099999966,-26.557784899999945],[-49.15821489999996,-26.558754299999976],[-49.15861619999998,-26.56008479999997],[-49.15858449999996,-26.561322399999938],[-49.158780099999944,-26.561951799999974],[-49.15911369999998,-26.562537799999973],[-49.160235599999965,-26.56364039999994],[-49.16116949999997,-26.564281799999947],[-49.16200649999996,-26.564486699999975],[-49.162498599999935,-26.565299799999934]]]}},{"type":"Feature","properties":{"name":"Ribeirão do Cavalo","municipality_code":"4208906","layer":"neighborhood","cd_regiao":"4","cd_uf":"42","cd_mun":"4208906","cd_dist":"420890605","cd_subdist":"42089060500","cd_bairro":"4208906030","cd_rgint":"4206","cd_rgi":"420016","cd_concurb":"4208906","featureKey":"RIBEIRAO DO CAVALO","sliceValue":null,"sliceLabel":"Ribeirão do Cavalo"},"geometry":{"type":"Polygon","coordinates":[[[-49.18445579999997,-26.457086799999956],[-49.17759029999996,-26.458983299999943],[-49.17607899999996,-26.45913029999997],[-49.174564499999974,-26.45906659999997],[-49.17198879999995,-26.45851049999993],[-49.170638199999985,-26.45839159999997],[-49.16809159999997,-26.45837469999998],[-49.167119999999954,-26.458532899999966],[-49.16014699999994,-26.458829599999945],[-49.16179669999997,-26.45932879999998],[-49.16241859999997,-26.460890099999972],[-49.16267799999997,-26.462670599999967],[-49.16210539999997,-26.463896399999953],[-49.16231119999998,-26.46446899999995],[-49.163232799999946,-26.465301099999976],[-49.16361749999993,-26.466097399999967],[-49.16426169999994,-26.466256199999975],[-49.16417219999994,-26.466815399999973],[-49.16454799999997,-26.466918299999975],[-49.16390729999995,-26.469389299999932],[-49.163598399999955,-26.469712999999956],[-49.16345849999993,-26.47096709999994],[-49.16444839999997,-26.47180009999994],[-49.166476699999976,-26.469652199999928],[-49.166480399999955,-26.469383299999947],[-49.16782519999998,-26.46924309999997],[-49.169109799999944,-26.46967559999996],[-49.16935229999996,-26.46943639999995],[-49.16950669999994,-26.46886539999997],[-49.17009219999994,-26.46858469999995],[-49.171006699999964,-26.46923339999995],[-49.171117799999934,-26.46878229999993],[-49.17172069999998,-26.468043799999975],[-49.17211419999995,-26.46817379999993],[-49.17227959999997,-26.46858899999995],[-49.171628099999964,-26.46971129999997],[-49.17270169999995,-26.470422999999982],[-49.172581899999955,-26.469877099999962],[-49.17304969999998,-26.469011799999976],[-49.17348759999993,-26.469010699999956],[-49.17386259999995,-26.469357899999977],[-49.17469699999998,-26.468601399999955],[-49.17561789999996,-26.46874029999998],[-49.17475939999997,-26.46762199999995],[-49.17446209999997,-26.46650539999996],[-49.173888799999986,-26.466371599999945],[-49.173176499999954,-26.466564499999947],[-49.17285999999996,-26.466456799999946],[-49.172560199999964,-26.465957199999934],[-49.172827799999936,-26.46559639999998],[-49.17289199999993,-26.465084499999932],[-49.17255879999993,-26.464979599999936],[-49.17198209999998,-26.465169199999934],[-49.172187099999974,-26.46424909999996],[-49.17167399999994,-26.464497299999948],[-49.17134269999997,-26.464035999999965],[-49.171651699999984,-26.46370989999997],[-49.172383699999955,-26.46393219999993],[-49.17289919999996,-26.463685699999928],[-49.17362749999995,-26.463927499999954],[-49.17420149999998,-26.463766199999952],[-49.17468329999997,-26.46393519999998],[-49.17521249999999,-26.463536499999975],[-49.175599499999976,-26.46396199999998],[-49.17557519999997,-26.46484319999996],[-49.17612399999996,-26.46479419999997],[-49.17639329999997,-26.46503169999994],[-49.17681559999994,-26.465003399999944],[-49.17760019999997,-26.465313399999957],[-49.17794329999998,-26.465913299999954],[-49.17834579999993,-26.465789099999938],[-49.178833199999985,-26.46594299999998],[-49.178988499999946,-26.465625099999954],[-49.178714999999954,-26.464876199999935],[-49.179119699999944,-26.46451509999997],[-49.17943779999996,-26.464502399999958],[-49.17929299999997,-26.46502819999995],[-49.17940629999998,-26.465579399999967],[-49.180124399999954,-26.46597849999995],[-49.18022739999998,-26.46641169999998],[-49.17958939999994,-26.46744039999993],[-49.17895519999996,-26.467354099999966],[-49.178927199999976,-26.46751839999996],[-49.17941079999997,-26.467964199999983],[-49.17938959999998,-26.468149299999936],[-49.17898909999997,-26.46834199999995],[-49.17851049999996,-26.46810359999995],[-49.178428199999985,-26.468456599999968],[-49.17945129999998,-26.469059999999956],[-49.17978869999996,-26.46955029999998],[-49.17995569999994,-26.469175099999973],[-49.18087449999996,-26.469235899999944],[-49.18135769999998,-26.469513699999936],[-49.18159859999997,-26.469859199999973],[-49.18158479999994,-26.47083859999998],[-49.18022319999994,-26.471333499999957],[-49.17930899999993,-26.47139919999995],[-49.17980689999996,-26.471661299999937],[-49.17979019999996,-26.47185029999997],[-49.17954809999998,-26.472004999999967],[-49.17815349999995,-26.471988799999963],[-49.177975699999934,-26.47168199999993],[-49.17768769999998,-26.471776999999975],[-49.177759899999955,-26.471494999999948],[-49.17751019999997,-26.47147609999996],[-49.17741549999994,-26.471608299999957],[-49.17778919999995,-26.47192249999995],[-49.17770919999998,-26.472360899999956],[-49.17843469999997,-26.472968599999945],[-49.178586999999936,-26.47298829999994],[-49.178382099999965,-26.47270549999996],[-49.17869539999998,-26.47234889999993],[-49.17943089999994,-26.472207899999944],[-49.18033109999993,-26.471625699999947],[-49.181560299999944,-26.471960999999965],[-49.18178939999996,-26.47215319999998],[-49.18178849999998,-26.473038499999973],[-49.18196829999994,-26.473531199999968],[-49.18167839999995,-26.473788699999943],[-49.18209849999994,-26.474121199999956],[-49.18183349999998,-26.474558599999966],[-49.18193169999995,-26.474986299999955],[-49.18204019999996,-26.475102299999946],[-49.18215959999998,-26.47479519999996],[-49.18296359999994,-26.474769799999933],[-49.18323419999996,-26.475179599999933],[-49.18376669999998,-26.474730999999963],[-49.18381769999996,-26.47441219999996],[-49.184588599999984,-26.47443439999995],[-49.184279999999944,-26.47387589999994],[-49.18372809999994,-26.47347199999996],[-49.18386669999995,-26.47313749999995],[-49.183781299999964,-26.47296819999997],[-49.18363389999996,-26.472809799999936],[-49.18362629999996,-26.47298189999998],[-49.18337049999997,-26.472883099999933],[-49.18351859999996,-26.47269959999994],[-49.183419399999934,-26.47237309999997],[-49.183687599999985,-26.47211569999996],[-49.183086499999945,-26.471104199999957],[-49.183204399999966,-26.47069629999993],[-49.18401249999994,-26.47047809999998],[-49.18456279999998,-26.470634899999936],[-49.18454829999996,-26.470855599999936],[-49.18521099999998,-26.47112649999997],[-49.185577999999964,-26.471659399999965],[-49.18636189999995,-26.47188619999997],[-49.186464899999976,-26.472456199999954],[-49.187005699999986,-26.472876999999983],[-49.18744349999997,-26.472884799999974],[-49.18778229999998,-26.473082399999953],[-49.188107299999956,-26.473481899999967],[-49.18839109999993,-26.473596699999973],[-49.188773399999945,-26.47332849999998],[-49.189337199999954,-26.47325959999995],[-49.189284499999985,-26.47309409999997],[-49.18860919999997,-26.473037499999975],[-49.18799809999996,-26.472761099999957],[-49.188081299999965,-26.472279199999946],[-49.18783799999994,-26.47194429999996],[-49.18789639999994,-26.471652499999948],[-49.18845309999995,-26.47166219999997],[-49.18793299999993,-26.471101499999975],[-49.18799379999996,-26.470866899999976],[-49.18760409999993,-26.470710699999984],[-49.188121699999954,-26.47044879999993],[-49.188226499999985,-26.470190699999932],[-49.18879229999993,-26.470117999999957],[-49.188834499999984,-26.46995069999997],[-49.18685599999998,-26.469084899999928],[-49.18689269999993,-26.46827849999994],[-49.18654029999993,-26.46791859999996],[-49.186307099999965,-26.467330799999957],[-49.185897799999964,-26.467309299999954],[-49.18576759999996,-26.467092999999977],[-49.185847699999954,-26.466802899999948],[-49.186455999999964,-26.466627099999982],[-49.18653459999996,-26.466045099999974],[-49.18693959999996,-26.46590509999993],[-49.18741079999995,-26.46614519999997],[-49.187870299999986,-26.466049599999963],[-49.188689299999965,-26.466179099999977],[-49.189030799999955,-26.466629099999977],[-49.18988489999998,-26.466921399999933],[-49.188739199999986,-26.46531509999994],[-49.18835789999997,-26.463980799999945],[-49.18445579999997,-26.457086799999956]]]}},{"type":"Feature","properties":{"name":"Braço do Ribeirão Cavalo","municipality_code":"4208906","layer":"neighborhood","cd_regiao":"4","cd_uf":"42","cd_mun":"4208906","cd_dist":"420890605","cd_subdist":"42089060500","cd_bairro":"4208906031","cd_rgint":"4206","cd_rgi":"420016","cd_concurb":"4208906","featureKey":"BRACO DO RIBEIRAO CAVALO","sliceValue":1330,"sliceLabel":"Braço do Ribeirão Cavalo"},"geometry":{"type":"Polygon","coordinates":[[[-49.18835789999997,-26.463980799999945],[-49.188739199999986,-26.46531509999994],[-49.18988489999998,-26.466921399999933],[-49.191105999999934,-26.46727199999998],[-49.19130649999994,-26.46787729999994],[-49.19172489999994,-26.468087499999967],[-49.192089399999986,-26.46872589999998],[-49.192401899999936,-26.467498099999943],[-49.19277049999994,-26.466957699999966],[-49.192597999999975,-26.46645559999996],[-49.19275829999998,-26.466267899999934],[-49.193354599999964,-26.466436999999928],[-49.19354569999996,-26.467486099999974],[-49.19396259999996,-26.46749269999998],[-49.19412529999994,-26.467235399999936],[-49.19457309999996,-26.46707299999997],[-49.19521129999998,-26.46723149999997],[-49.19547249999994,-26.467948499999977],[-49.19584169999996,-26.46833689999994],[-49.19572759999994,-26.468758999999977],[-49.19637089999998,-26.469785199999933],[-49.19667649999997,-26.470731599999965],[-49.19750659999994,-26.47079229999997],[-49.19774959999995,-26.47112069999997],[-49.19772029999996,-26.47135819999994],[-49.197155399999986,-26.471971099999962],[-49.19720389999998,-26.472316699999965],[-49.19790869999997,-26.472423099999958],[-49.19867819999996,-26.472095799999977],[-49.19900569999999,-26.472281799999962],[-49.19915189999995,-26.472590399999945],[-49.19894979999998,-26.47336649999994],[-49.199407399999984,-26.473107999999968],[-49.19959179999995,-26.473178099999927],[-49.19947109999998,-26.473445399999946],[-49.19886999999994,-26.473900699999945],[-49.19820599999997,-26.474103599999978],[-49.19841909999997,-26.474301399999945],[-49.198298499999964,-26.474839199999963],[-49.19896389999997,-26.474454399999956],[-49.19951679999997,-26.47436239999996],[-49.19947879999995,-26.47546509999995],[-49.19938499999995,-26.475696699999958],[-49.19918699999994,-26.47571259999995],[-49.19913779999996,-26.476105599999983],[-49.19991939999994,-26.476630099999966],[-49.19974469999994,-26.476830199999938],[-49.199917599999935,-26.47699579999994],[-49.19982969999995,-26.47721219999994],[-49.20064159999998,-26.478060699999958],[-49.20111479999997,-26.477697099999943],[-49.20177719999998,-26.47766219999994],[-49.20352539999993,-26.476800599999933],[-49.203873999999985,-26.476063499999952],[-49.20331489999995,-26.47513299999997],[-49.20366919999998,-26.474475799999936],[-49.20366739999997,-26.474070499999982],[-49.20319359999996,-26.47378669999995],[-49.203047599999934,-26.473527299999944],[-49.20308679999994,-26.473129599999936],[-49.20250359999994,-26.472877299999936],[-49.202309199999945,-26.47231009999996],[-49.20269109999998,-26.471701199999927],[-49.203189399999985,-26.471658799999943],[-49.20349569999996,-26.47191369999996],[-49.204190799999935,-26.473437199999978],[-49.20444399999997,-26.473459599999956],[-49.20468789999995,-26.47308979999997],[-49.205210499999964,-26.472997199999952],[-49.203943799999934,-26.47066049999995],[-49.20370329999997,-26.469936299999972],[-49.20578279999995,-26.46792819999996],[-49.200636299999985,-26.464288099999976],[-49.20039699999995,-26.46318519999994],[-49.19952459999996,-26.460966999999982],[-49.19755399999997,-26.459115699999927],[-49.19664089999998,-26.45850189999993],[-49.19587769999998,-26.457615199999964],[-49.194212499999935,-26.45924169999995],[-49.19353639999997,-26.459012799999982],[-49.19106519999997,-26.45875449999994],[-49.19021759999998,-26.458499399999937],[-49.188423299999954,-26.45752609999994],[-49.18722189999994,-26.457113899999968],[-49.186613799999975,-26.45666369999998],[-49.18595369999997,-26.45685169999996],[-49.185560899999984,-26.456754299999943],[-49.18445579999997,-26.457086799999956],[-49.18835789999997,-26.463980799999945]]]}},{"type":"Feature","properties":{"name":"Santo Antônio","municipality_code":"4208906","layer":"neighborhood","cd_regiao":"4","cd_uf":"42","cd_mun":"4208906","cd_dist":"420890605","cd_subdist":"42089060500","cd_bairro":"4208906032","cd_rgint":"4206","cd_rgi":"420016","cd_concurb":"4208906","featureKey":"SANTO ANTONIO","sliceValue":1558,"sliceLabel":"Santo Antônio"},"geometry":{"type":"Polygon","coordinates":[[[-49.15459149999998,-26.425927799999954],[-49.154047599999956,-26.42593389999996],[-49.15361309999997,-26.425621099999944],[-49.15355409999995,-26.424553599999967],[-49.153734499999985,-26.424230799999975],[-49.153661599999964,-26.42370379999994],[-49.153876099999934,-26.423165499999982],[-49.153544299999965,-26.42308349999996],[-49.15359719999998,-26.42284239999998],[-49.15297849999996,-26.423120499999982],[-49.15267559999995,-26.423683899999958],[-49.152308999999946,-26.423765199999934],[-49.15260079999996,-26.424527299999966],[-49.15241229999998,-26.425543799999957],[-49.15190929999994,-26.427598699999976],[-49.15161189999998,-26.428078699999958],[-49.15131489999993,-26.428107799999964],[-49.151409299999955,-26.427638799999954],[-49.150964399999964,-26.42693129999998],[-49.15081799999996,-26.425648099999933],[-49.150984999999935,-26.425069899999983],[-49.151429399999984,-26.424436499999956],[-49.15136369999993,-26.423542399999974],[-49.15166199999993,-26.423332099999982],[-49.151372899999956,-26.422812299999975],[-49.15073109999997,-26.422483099999965],[-49.150446699999975,-26.422154399999954],[-49.15003919999998,-26.42240469999996],[-49.14982009999994,-26.42233209999995],[-49.14985349999995,-26.421511899999928],[-49.14905379999993,-26.421394799999973],[-49.148751999999945,-26.425210999999933],[-49.14889699999998,-26.42572249999995],[-49.14916249999993,-26.425843099999952],[-49.14946599999996,-26.42639429999997],[-49.14937069999996,-26.433132399999977],[-49.15062509999996,-26.43566089999996],[-49.14977739999995,-26.437588799999958],[-49.149909899999955,-26.43810819999993],[-49.149836799999946,-26.453686999999945],[-49.153580199999965,-26.45373879999994],[-49.15649179999997,-26.454087999999956],[-49.15715339999997,-26.453777699999932],[-49.158046199999944,-26.451642099999958],[-49.16073409999996,-26.44907749999993],[-49.16179539999996,-26.44729549999994],[-49.162784999999985,-26.44689219999998],[-49.16360949999995,-26.44680599999998],[-49.16454959999993,-26.447134799999958],[-49.16580729999998,-26.447977099999946],[-49.16649109999997,-26.44804199999993],[-49.16697069999998,-26.447834799999953],[-49.167120799999964,-26.44732019999998],[-49.16685579999995,-26.445505599999933],[-49.16694739999997,-26.444609999999955],[-49.167809699999964,-26.44376559999995],[-49.16924309999996,-26.443223399999965],[-49.16989709999996,-26.440239299999973],[-49.167443599999956,-26.44011299999994],[-49.16739259999997,-26.43975679999994],[-49.16683349999994,-26.438936099999978],[-49.167062499999986,-26.437456599999962],[-49.16732109999998,-26.437180199999943],[-49.16760259999995,-26.43634069999996],[-49.167704399999934,-26.43534489999996],[-49.167556099999956,-26.43478049999993],[-49.16797479999997,-26.433893299999966],[-49.16866449999998,-26.433343699999966],[-49.16898589999994,-26.43267629999997],[-49.16856909999996,-26.43105209999993],[-49.16720389999995,-26.429383899999948],[-49.16705779999995,-26.42823839999994],[-49.16686729999998,-26.42912569999993],[-49.16660619999993,-26.429575599999964],[-49.16634869999996,-26.429099699999938],[-49.16640869999998,-26.428491099999974],[-49.166108099999974,-26.42842749999994],[-49.16611069999993,-26.42822039999993],[-49.16586259999997,-26.428440199999955],[-49.16569679999998,-26.42835679999996],[-49.16571319999997,-26.42816819999996],[-49.165065099999936,-26.428625499999953],[-49.16450089999995,-26.42831609999996],[-49.16435339999998,-26.428050799999937],[-49.164233499999966,-26.428244399999983],[-49.163972799999954,-26.428120699999965],[-49.16375499999998,-26.428416099999936],[-49.16363929999994,-26.429064899999958],[-49.16374029999997,-26.430231599999956],[-49.16363949999993,-26.431061099999965],[-49.16337039999996,-26.431384099999946],[-49.16272219999996,-26.431331399999976],[-49.16205149999996,-26.431035899999983],[-49.16193839999994,-26.430683599999952],[-49.16143899999997,-26.430745599999966],[-49.16124619999994,-26.43014059999996],[-49.16082179999995,-26.42983849999996],[-49.16087739999995,-26.429479899999933],[-49.16194889999997,-26.42847409999996],[-49.161500399999966,-26.42792099999997],[-49.16144899999995,-26.42759259999997],[-49.16057129999996,-26.427647399999955],[-49.16150499999998,-26.42720309999993],[-49.16153869999994,-26.42706469999996],[-49.16093489999997,-26.42716839999997],[-49.16035489999996,-26.426494499999933],[-49.160132499999975,-26.427042399999948],[-49.15972149999993,-26.427341299999966],[-49.15852279999996,-26.427722899999935],[-49.158304199999975,-26.428258699999958],[-49.15808889999994,-26.428316499999937],[-49.15776459999995,-26.42781169999995],[-49.15776139999997,-26.427275399999928],[-49.158015399999954,-26.426912199999947],[-49.15927819999996,-26.426559599999962],[-49.15925319999997,-26.426076299999977],[-49.158712099999946,-26.425738699999954],[-49.157613099999935,-26.425850599999933],[-49.157348799999966,-26.42618189999996],[-49.15704959999994,-26.425978699999973],[-49.156456799999944,-26.426101199999948],[-49.15583159999994,-26.426371899999936],[-49.15600879999994,-26.426570399999946],[-49.15601879999997,-26.426971799999933],[-49.155605899999955,-26.42696069999994],[-49.15499699999998,-26.427295799999968],[-49.15486249999998,-26.427235499999938],[-49.15482369999995,-26.426860199999965],[-49.15520289999995,-26.426564499999984],[-49.155530099999964,-26.425648899999942],[-49.15548119999994,-26.42541559999995],[-49.15452579999993,-26.42511929999995],[-49.15480029999998,-26.42566999999997],[-49.15459149999998,-26.425927799999954]]]}},{"type":"Feature","properties":{"name":"Três Rios do Norte","municipality_code":"4208906","layer":"neighborhood","cd_regiao":"4","cd_uf":"42","cd_mun":"4208906","cd_dist":"420890605","cd_subdist":"42089060500","cd_bairro":"4208906033","cd_rgint":"4206","cd_rgi":"420016","cd_concurb":"4208906","featureKey":"TRES RIOS DO NORTE","sliceValue":4483,"sliceLabel":"Três Rios do Norte"},"geometry":{"type":"Polygon","coordinates":[[[-49.105603299999984,-26.42804039999993],[-49.10533379999998,-26.42826619999994],[-49.104911999999956,-26.428180699999928],[-49.10477999999995,-26.428418299999976],[-49.10492409999995,-26.428764499999943],[-49.104251499999975,-26.429451599999936],[-49.103556699999956,-26.429486899999972],[-49.10332049999994,-26.429184799999973],[-49.103027699999984,-26.42935929999993],[-49.10310469999996,-26.42962499999993],[-49.102477499999964,-26.429525499999954],[-49.10225589999993,-26.429676899999947],[-49.10177879999998,-26.42946369999993],[-49.101885599999946,-26.429715099999953],[-49.10156559999996,-26.42974829999997],[-49.10219449999994,-26.430092399999978],[-49.102184299999976,-26.43052899999998],[-49.10191159999994,-26.430942699999946],[-49.102164899999934,-26.431953799999974],[-49.102635099999986,-26.431107399999973],[-49.10324019999996,-26.430667699999958],[-49.103683099999955,-26.43064329999993],[-49.10460699999993,-26.431055699999945],[-49.10498959999995,-26.430687099999943],[-49.105735799999934,-26.430414999999982],[-49.10613069999994,-26.43061279999995],[-49.10635079999997,-26.430939399999943],[-49.106258699999955,-26.431411599999933],[-49.104527099999984,-26.432728699999927],[-49.104055899999935,-26.433661899999947],[-49.10367059999993,-26.433939599999974],[-49.10321829999998,-26.433997099999942],[-49.10209729999997,-26.433787199999983],[-49.10162839999998,-26.433419999999956],[-49.10159119999997,-26.432640899999967],[-49.099446299999954,-26.433159699999976],[-49.09924529999995,-26.433010499999966],[-49.09873849999997,-26.431770899999947],[-49.09880049999998,-26.43121869999993],[-49.09782429999996,-26.431077899999934],[-49.09694209999998,-26.430275499999937],[-49.09488669999996,-26.431633399999953],[-49.094078999999965,-26.43316619999996],[-49.09423769999995,-26.434710499999937],[-49.096394499999974,-26.434356299999934],[-49.09676039999994,-26.434577099999956],[-49.09684169999997,-26.434801299999947],[-49.09668149999993,-26.43514529999993],[-49.09590029999998,-26.43566119999997],[-49.095573599999966,-26.435714599999983],[-49.095255399999985,-26.436092499999972],[-49.095948599999986,-26.43651399999993],[-49.096442999999965,-26.436221599999953],[-49.09840859999997,-26.43591799999996],[-49.09870519999998,-26.43645209999994],[-49.098707299999944,-26.436773899999935],[-49.09825519999998,-26.437626999999964],[-49.09769249999994,-26.43778009999994],[-49.097414199999946,-26.43763219999994],[-49.09703049999996,-26.43790699999994],[-49.09699759999995,-26.438383099999953],[-49.09627779999994,-26.43870309999994],[-49.09564469999998,-26.43870899999996],[-49.09517239999997,-26.439072499999952],[-49.095840899999985,-26.438906499999973],[-49.09511749999996,-26.439932099999965],[-49.095559299999934,-26.439822899999967],[-49.095842999999945,-26.440352099999927],[-49.09538279999998,-26.440305999999964],[-49.09527129999998,-26.440778499999965],[-49.094844999999964,-26.44090179999995],[-49.09496649999994,-26.44172119999996],[-49.09477879999997,-26.441958099999965],[-49.09410789999998,-26.441446499999984],[-49.094118599999945,-26.442260199999964],[-49.09454299999993,-26.44319409999997],[-49.09368329999995,-26.443243199999984],[-49.09335679999998,-26.442975299999944],[-49.09336029999997,-26.44370719999995],[-49.093735899999956,-26.443835999999976],[-49.09385189999995,-26.444112299999972],[-49.093762099999935,-26.444563199999948],[-49.09249029999995,-26.444418199999973],[-49.09235259999997,-26.44456779999996],[-49.091529299999934,-26.44417729999998],[-49.09130049999993,-26.44462939999994],[-49.09087619999997,-26.444728399999974],[-49.09061049999997,-26.44440869999994],[-49.09017479999994,-26.444441499999982],[-49.09006259999995,-26.44484689999996],[-49.089722999999935,-26.444947599999978],[-49.08988819999996,-26.445095399999957],[-49.08985349999995,-26.44529529999994],[-49.09146489999995,-26.44554089999997],[-49.091549499999985,-26.445860399999958],[-49.09232929999996,-26.446113699999955],[-49.09290209999995,-26.446873599999947],[-49.09279989999993,-26.44701639999994],[-49.092265399999974,-26.44692699999996],[-49.09192849999994,-26.44714149999993],[-49.091430299999956,-26.44696609999994],[-49.09036249999997,-26.447019099999977],[-49.08936649999998,-26.445920199999932],[-49.08957339999995,-26.44695059999998],[-49.08934259999995,-26.447144899999955],[-49.08958419999993,-26.447307499999965],[-49.08984589999994,-26.44789179999998],[-49.089999199999966,-26.44799919999997],[-49.096371199999965,-26.447844199999963],[-49.10632579999998,-26.44795259999995],[-49.106321899999955,-26.447413799999936],[-49.10956699999997,-26.44736789999996],[-49.109579199999985,-26.44797909999994],[-49.11216509999997,-26.447996699999976],[-49.11265619999995,-26.447684399999957],[-49.11563629999995,-26.447239799999977],[-49.11900269999995,-26.44606099999993],[-49.12544959999997,-26.44712149999998],[-49.132874699999945,-26.449539199999947],[-49.13713269999994,-26.450323099999935],[-49.13962729999997,-26.45101889999995],[-49.142647299999965,-26.45158299999997],[-49.14800649999995,-26.453569199999947],[-49.149836799999946,-26.453686999999945],[-49.149909899999955,-26.43810819999993],[-49.14977739999995,-26.437588799999958],[-49.15062509999996,-26.43566089999996],[-49.14937069999996,-26.433132399999977],[-49.14946599999996,-26.42639429999997],[-49.14916249999993,-26.425843099999952],[-49.14889699999998,-26.42572249999995],[-49.148751999999945,-26.425210999999933],[-49.14905379999993,-26.421394799999973],[-49.14871619999997,-26.421279899999945],[-49.14847009999994,-26.42066019999993],[-49.14801289999997,-26.42094099999997],[-49.14762639999998,-26.420847699999968],[-49.146952699999986,-26.41953639999997],[-49.146924199999944,-26.419865399999935],[-49.14664929999998,-26.419990499999983],[-49.14627839999997,-26.419786399999964],[-49.14701439999993,-26.42077029999996],[-49.14701869999993,-26.42118439999996],[-49.14613389999994,-26.421192099999928],[-49.14610159999995,-26.421963699999935],[-49.14774369999998,-26.422015599999952],[-49.14782699999995,-26.422771199999943],[-49.148164399999985,-26.423081499999967],[-49.148200299999985,-26.423626699999943],[-49.147695099999964,-26.424355099999957],[-49.14701209999998,-26.424482799999964],[-49.14623969999997,-26.42391719999995],[-49.14617069999997,-26.424385099999938],[-49.14580889999996,-26.424486299999955],[-49.14517299999994,-26.423909599999945],[-49.14417129999998,-26.42390869999997],[-49.14337429999995,-26.42344399999996],[-49.143276999999955,-26.42278159999995],[-49.14265709999995,-26.42312329999993],[-49.14242049999996,-26.42348809999993],[-49.14209639999996,-26.42348469999996],[-49.14176459999993,-26.423302599999943],[-49.14162319999997,-26.422991799999977],[-49.14156399999996,-26.421564599999954],[-49.14129269999995,-26.42142229999996],[-49.14110059999996,-26.421610699999974],[-49.14098839999997,-26.421342399999958],[-49.140826699999934,-26.42148459999993],[-49.14023849999995,-26.421255299999928],[-49.14006269999993,-26.421563899999967],[-49.14037019999995,-26.421703099999945],[-49.14089199999995,-26.422469099999944],[-49.14078159999997,-26.422709099999963],[-49.14038809999994,-26.42283459999993],[-49.141258499999935,-26.423029999999983],[-49.14141079999996,-26.42425449999996],[-49.14210929999996,-26.42470849999995],[-49.14267989999996,-26.425346499999932],[-49.143486199999984,-26.42558359999998],[-49.14339219999994,-26.425799599999948],[-49.142640599999936,-26.42632759999998],[-49.142389599999944,-26.427153399999952],[-49.14200489999996,-26.427125599999954],[-49.141769099999976,-26.42737699999998],[-49.141422699999964,-26.42726769999996],[-49.140985299999954,-26.42663509999994],[-49.14086159999994,-26.426125999999954],[-49.14098149999995,-26.425823699999967],[-49.14091799999994,-26.42503679999993],[-49.140619999999956,-26.424734499999943],[-49.140413199999955,-26.42480379999995],[-49.14017629999995,-26.425260399999956],[-49.13968109999996,-26.42547869999993],[-49.139593599999955,-26.425999899999965],[-49.13920459999997,-26.426531799999964],[-49.13883489999995,-26.426498899999956],[-49.138278199999945,-26.42604689999996],[-49.13784879999997,-26.425254499999937],[-49.137766399999975,-26.424464799999953],[-49.13728579999997,-26.423966399999983],[-49.137190799999985,-26.42404849999997],[-49.13759999999996,-26.42522219999995],[-49.13737549999996,-26.42559799999998],[-49.136743199999955,-26.425984699999958],[-49.13747519999998,-26.42642019999994],[-49.137598999999966,-26.42662649999994],[-49.13750419999997,-26.42683599999998],[-49.137014299999976,-26.427135299999975],[-49.13598239999993,-26.42727229999997],[-49.135645299999965,-26.426892099999975],[-49.135545699999966,-26.427331599999945],[-49.135801199999946,-26.42788109999998],[-49.135612099999946,-26.428177699999935],[-49.13535939999997,-26.428144999999972],[-49.134882699999935,-26.42753769999996],[-49.13472299999995,-26.42793469999998],[-49.134424999999965,-26.42797989999997],[-49.134174299999984,-26.42833059999998],[-49.134539899999936,-26.428624499999955],[-49.13441519999998,-26.429227499999968],[-49.133889899999986,-26.429222899999957],[-49.133488399999976,-26.429484999999943],[-49.13327839999994,-26.429148599999962],[-49.132105199999955,-26.429558999999983],[-49.13179459999998,-26.429401499999983],[-49.131691699999976,-26.429032199999938],[-49.13206809999997,-26.428728199999966],[-49.13189449999993,-26.42844599999995],[-49.13203719999996,-26.427778699999976],[-49.13267819999993,-26.42745309999998],[-49.132903399999975,-26.427119799999957],[-49.13211209999997,-26.426760499999943],[-49.13156369999996,-26.42669829999994],[-49.13062899999994,-26.427146999999934],[-49.130507199999954,-26.42707919999998],[-49.131145699999934,-26.426341999999977],[-49.13093479999998,-26.425972399999978],[-49.13109979999996,-26.425324899999964],[-49.13054379999994,-26.42546619999996],[-49.130398199999945,-26.42521419999997],[-49.130477499999984,-26.424819199999945],[-49.13063639999996,-26.42463159999994],[-49.13123799999994,-26.424586199999965],[-49.13129509999993,-26.424045099999944],[-49.13164899999998,-26.423588699999982],[-49.13106039999997,-26.42334119999998],[-49.13075089999995,-26.422430799999972],[-49.13048279999998,-26.422237999999936],[-49.13062529999996,-26.421948499999928],[-49.129151099999945,-26.42251349999998],[-49.12927609999997,-26.421349599999928],[-49.12907199999995,-26.42189869999993],[-49.128502099999935,-26.422486799999945],[-49.12837739999998,-26.42283199999997],[-49.128022499999986,-26.42281259999993],[-49.127745199999936,-26.42188269999997],[-49.12812059999993,-26.42141749999996],[-49.12793369999997,-26.421284699999944],[-49.128038699999934,-26.42059359999996],[-49.12730929999998,-26.42118249999993],[-49.126966599999946,-26.420943999999963],[-49.12672289999995,-26.420509299999935],[-49.12634189999994,-26.420938699999965],[-49.12603989999997,-26.420541499999956],[-49.12541849999997,-26.42050249999994],[-49.12568509999994,-26.420740099999932],[-49.125761799999964,-26.421123299999977],[-49.12548039999996,-26.42204689999994],[-49.125067799999954,-26.422155999999973],[-49.12533929999995,-26.42241389999998],[-49.12534459999995,-26.42313729999995],[-49.12453659999994,-26.424232099999983],[-49.12434669999993,-26.424292999999977],[-49.12388729999998,-26.42408779999994],[-49.123297699999966,-26.42429379999993],[-49.12283569999994,-26.423935299999982],[-49.12224579999997,-26.423951199999976],[-49.12113279999994,-26.423541799999953],[-49.12103159999998,-26.423848199999952],[-49.12121119999995,-26.424922899999956],[-49.12035819999994,-26.42506119999996],[-49.12042549999995,-26.425626299999976],[-49.120057799999984,-26.42609729999998],[-49.119254299999966,-26.425986299999977],[-49.11885849999993,-26.42630159999993],[-49.11915789999995,-26.42652439999995],[-49.11937249999994,-26.426976799999977],[-49.12084889999994,-26.42700739999998],[-49.121106699999984,-26.427368999999942],[-49.12098809999998,-26.427674999999965],[-49.120398199999954,-26.427920899999947],[-49.12071479999997,-26.42824889999997],[-49.12018909999995,-26.42916889999998],[-49.120362599999964,-26.42956689999994],[-49.12018899999998,-26.430461299999934],[-49.120326999999975,-26.431470799999943],[-49.12100859999998,-26.43147609999994],[-49.121681999999964,-26.431886299999974],[-49.12185939999995,-26.43238709999997],[-49.12094479999996,-26.433317899999963],[-49.119759699999975,-26.432961999999975],[-49.11926379999994,-26.43248829999993],[-49.11892489999997,-26.432747399999982],[-49.118552299999976,-26.432746299999963],[-49.11804979999994,-26.432278099999962],[-49.117360099999985,-26.432580599999937],[-49.11716249999995,-26.43214169999993],[-49.116742699999975,-26.431929499999967],[-49.11672509999994,-26.431020299999943],[-49.116474799999935,-26.43079739999996],[-49.116769799999986,-26.430264499999964],[-49.11619039999994,-26.430268099999978],[-49.115732899999955,-26.429753799999958],[-49.116324299999974,-26.429149199999983],[-49.117004099999974,-26.428769399999965],[-49.11684029999998,-26.428633399999967],[-49.11607139999995,-26.428930899999955],[-49.115422699999954,-26.429396099999963],[-49.115413699999976,-26.42972229999998],[-49.11474759999993,-26.43044589999994],[-49.11391169999996,-26.430330599999934],[-49.11383459999996,-26.430035999999973],[-49.11332569999996,-26.429466599999955],[-49.112252499999954,-26.429352999999935],[-49.11206679999998,-26.42997829999996],[-49.11316199999993,-26.43008599999996],[-49.11321429999998,-26.43044619999995],[-49.11374829999994,-26.431014499999947],[-49.11402369999996,-26.431841599999927],[-49.11385549999994,-26.43273549999998],[-49.11287459999994,-26.432718699999953],[-49.112192999999934,-26.432267799999977],[-49.112140599999975,-26.432045399999936],[-49.11238439999994,-26.431525499999964],[-49.11171929999995,-26.430888599999946],[-49.111541999999986,-26.43040929999995],[-49.11117509999997,-26.430642599999942],[-49.11098259999994,-26.431454299999928],[-49.11061259999997,-26.431747599999937],[-49.11011819999993,-26.43184709999997],[-49.11029509999997,-26.432097599999963],[-49.10996799999998,-26.432227599999976],[-49.10932029999998,-26.432907899999975],[-49.10908189999998,-26.43275669999997],[-49.10913149999993,-26.431983899999977],[-49.10892729999995,-26.431596499999955],[-49.10915179999995,-26.431457999999964],[-49.10958029999995,-26.431627299999946],[-49.109861499999965,-26.430463499999973],[-49.109736699999985,-26.43024699999995],[-49.109298799999976,-26.430093099999965],[-49.108830599999976,-26.43018479999995],[-49.10842489999993,-26.429836799999975],[-49.10785009999995,-26.429907499999956],[-49.10775259999997,-26.42980129999995],[-49.10795779999995,-26.429367499999955],[-49.10785559999994,-26.429322499999955],[-49.10703529999995,-26.429133499999978],[-49.10630789999993,-26.429237299999954],[-49.10597569999993,-26.428727099999946],[-49.106352699999945,-26.42842719999993],[-49.10636549999998,-26.427787099999932],[-49.10572449999995,-26.42819949999995],[-49.105603299999984,-26.42804039999993]]]}},{"type":"Feature","properties":{"name":"do Molha","municipality_code":"4208906","layer":"neighborhood","cd_regiao":"4","cd_uf":"42","cd_mun":"4208906","cd_dist":"420890605","cd_subdist":"42089060500","cd_bairro":"4208906034","cd_rgint":"4206","cd_rgi":"420016","cd_concurb":"4208906","featureKey":"DO MOLHA","sliceValue":null,"sliceLabel":"do Molha"},"geometry":{"type":"Polygon","coordinates":[[[-49.07505039999995,-26.529020199999934],[-49.07666919999997,-26.529710399999942],[-49.07726149999996,-26.52815369999996],[-49.07825019999996,-26.52847959999997],[-49.07855729999994,-26.52765999999997],[-49.077462999999966,-26.527263199999936],[-49.077832299999955,-26.525841799999966],[-49.078558199999975,-26.52526809999995],[-49.079085599999985,-26.524396399999944],[-49.07926059999994,-26.52338999999995],[-49.07899109999994,-26.522151099999974],[-49.08025369999996,-26.521409499999947],[-49.08111919999993,-26.520581799999945],[-49.08135629999998,-26.51974279999996],[-49.08119849999997,-26.518805399999962],[-49.08275779999997,-26.51743199999993],[-49.082722899999965,-26.51729949999998],[-49.08310959999994,-26.51689799999997],[-49.08332629999995,-26.51610379999994],[-49.08328419999998,-26.515266199999928],[-49.08402509999996,-26.514930899999968],[-49.08446159999994,-26.514288299999976],[-49.08513259999995,-26.512669999999957],[-49.08571649999993,-26.512126499999965],[-49.08625219999993,-26.51245549999993],[-49.08686099999994,-26.51191739999996],[-49.08706209999997,-26.51060739999997],[-49.08762349999995,-26.510050599999943],[-49.08744799999994,-26.510059099999978],[-49.08751669999998,-26.50973309999995],[-49.087082899999984,-26.509727099999964],[-49.087207099999944,-26.50949429999997],[-49.086692899999946,-26.508987499999932],[-49.08614979999993,-26.509015099999942],[-49.08605979999993,-26.50936409999997],[-49.085523799999976,-26.50974109999993],[-49.085481999999956,-26.509945999999957],[-49.084694999999954,-26.51043409999994],[-49.08471769999994,-26.51093309999993],[-49.08440269999994,-26.511095099999977],[-49.084407099999964,-26.511260999999934],[-49.08339579999995,-26.51174599999996],[-49.08341199999995,-26.51269709999997],[-49.083271999999965,-26.51305099999996],[-49.08296389999998,-26.513188399999933],[-49.08279419999997,-26.513780899999972],[-49.08228699999995,-26.513891099999967],[-49.081861799999956,-26.513765099999944],[-49.08065979999998,-26.514585099999977],[-49.08059899999995,-26.515547099999935],[-49.08026599999994,-26.514842999999928],[-49.08017599999994,-26.51411509999997],[-49.080417299999965,-26.513303899999983],[-49.08063499999997,-26.51290599999993],[-49.081100799999945,-26.512649099999976],[-49.08156089999994,-26.513015999999936],[-49.08165089999994,-26.51294299999995],[-49.081897899999944,-26.511577099999954],[-49.082892999999956,-26.510070999999982],[-49.08219959999997,-26.51052109999995],[-49.081186199999934,-26.511661499999946],[-49.079814899999974,-26.514124699999968],[-49.079530199999965,-26.514996199999928],[-49.079620499999976,-26.51564479999996],[-49.07746989999998,-26.518011099999967],[-49.07733479999996,-26.51880239999997],[-49.07746989999998,-26.51929619999993],[-49.07609679999996,-26.520018799999946],[-49.075755399999935,-26.520380099999954],[-49.07539379999997,-26.521429299999966],[-49.07472649999994,-26.521313599999928],[-49.073991199999966,-26.52342479999993],[-49.07122969999995,-26.522684199999958],[-49.070916299999965,-26.52364799999998],[-49.07182179999995,-26.523888599999964],[-49.07114379999996,-26.524273799999946],[-49.07141309999997,-26.52512059999998],[-49.07135489999996,-26.525967899999955],[-49.07165589999994,-26.525884299999973],[-49.07215639999998,-26.527458299999978],[-49.07393259999998,-26.526916399999948],[-49.07332009999993,-26.52868499999994],[-49.07293329999993,-26.52863519999994],[-49.07277049999993,-26.529084599999976],[-49.073191099999974,-26.529802099999984],[-49.07404669999994,-26.529659899999956],[-49.07505039999995,-26.529020199999934]]]}},{"type":"Feature","properties":{"name":"Jaraguá 84","municipality_code":"4208906","layer":"neighborhood","cd_regiao":"4","cd_uf":"42","cd_mun":"4208906","cd_dist":"420890605","cd_subdist":"42089060500","cd_bairro":"4208906035","cd_rgint":"4206","cd_rgi":"420016","cd_concurb":"4208906","featureKey":"JARAGUA 84","sliceValue":19,"sliceLabel":"Jaraguá 84"},"geometry":{"type":"Polygon","coordinates":[[[-49.15841399999994,-26.51572079999994],[-49.158280299999944,-26.517156399999976],[-49.158741099999986,-26.51720729999994],[-49.15821669999997,-26.51861539999993],[-49.15852739999997,-26.519657199999983],[-49.15980089999994,-26.519434199999978],[-49.16050729999995,-26.51980279999998],[-49.161640999999975,-26.519804199999953],[-49.162029899999936,-26.517829199999937],[-49.162338799999986,-26.517438099999936],[-49.16302659999997,-26.517251599999952],[-49.163592499999936,-26.517561599999965],[-49.16359259999996,-26.517715099999975],[-49.16395909999994,-26.517571699999962],[-49.16448719999994,-26.516902899999934],[-49.16507079999997,-26.516732599999955],[-49.165417899999966,-26.51609009999993],[-49.166133499999944,-26.51557729999996],[-49.16688199999993,-26.515755999999953],[-49.16688019999998,-26.515359599999954],[-49.167481099999975,-26.51477699999998],[-49.16915769999997,-26.512481599999944],[-49.16816079999995,-26.51155049999994],[-49.16833079999998,-26.51090709999994],[-49.16803459999994,-26.510196599999972],[-49.168182299999955,-26.508680899999945],[-49.16789239999997,-26.50813599999998],[-49.16758589999995,-26.508069699999965],[-49.16754129999998,-26.508600799999954],[-49.16634469999997,-26.50934689999997],[-49.165611299999966,-26.510047499999928],[-49.16533649999997,-26.510076599999934],[-49.164801299999965,-26.509605799999974],[-49.16435719999998,-26.508144899999934],[-49.16447229999994,-26.507731299999932],[-49.16482649999995,-26.50782799999996],[-49.165030599999966,-26.50770319999998],[-49.16534369999994,-26.50639979999994],[-49.16439789999998,-26.505392099999938],[-49.16301889999994,-26.505978999999968],[-49.16185459999997,-26.507019399999933],[-49.161109299999964,-26.506866099999968],[-49.160591899999986,-26.506319599999983],[-49.160186599999975,-26.50564429999997],[-49.16026309999995,-26.505379499999947],[-49.16052999999994,-26.505283899999938],[-49.16080069999998,-26.505705199999966],[-49.161938599999985,-26.504868099999953],[-49.16191969999994,-26.504732199999978],[-49.16107809999994,-26.503431599999942],[-49.15988519999996,-26.50242469999995],[-49.15984189999995,-26.50211079999997],[-49.16016429999996,-26.50118189999995],[-49.15948969999994,-26.50104159999995],[-49.158921299999975,-26.501329899999973],[-49.15873209999995,-26.501284099999964],[-49.15853959999998,-26.500880199999983],[-49.15867559999998,-26.500480399999958],[-49.15962849999994,-26.500272999999936],[-49.16020159999994,-26.499763899999948],[-49.15984759999998,-26.49920309999993],[-49.159387299999935,-26.49932999999993],[-49.15916779999998,-26.49910749999998],[-49.15923989999993,-26.49798679999998],[-49.15738389999996,-26.497330499999975],[-49.15732189999994,-26.49808059999998],[-49.155274099999986,-26.505145599999935],[-49.15422969999997,-26.510068899999965],[-49.15533769999996,-26.510036999999954],[-49.15582529999995,-26.509846099999947],[-49.157968299999936,-26.509620299999938],[-49.15781229999993,-26.51031249999994],[-49.15654779999994,-26.511648899999955],[-49.157505399999934,-26.51274109999997],[-49.15660049999997,-26.51358199999993],[-49.15599299999997,-26.51380409999996],[-49.15566259999997,-26.51437889999994],[-49.15486489999995,-26.51446149999998],[-49.15436479999994,-26.51432079999995],[-49.15374439999994,-26.514841499999932],[-49.15442399999995,-26.514837499999942],[-49.154984999999954,-26.51572269999997],[-49.15506609999994,-26.515579499999944],[-49.15573409999996,-26.515735399999983],[-49.155849099999955,-26.515527599999928],[-49.156248999999946,-26.51535949999993],[-49.15671409999993,-26.515930999999966],[-49.15733449999993,-26.515446699999927],[-49.15755329999996,-26.515559699999983],[-49.15811629999996,-26.51534929999997],[-49.15841399999994,-26.51572079999994]]]}},{"type":"Feature","properties":{"name":"Águas Claras","municipality_code":"4208906","layer":"neighborhood","cd_regiao":"4","cd_uf":"42","cd_mun":"4208906","cd_dist":"420890605","cd_subdist":"42089060500","cd_bairro":"4208906036","cd_rgint":"4206","cd_rgi":"420016","cd_concurb":"4208906","featureKey":"AGUAS CLARAS","sliceValue":null,"sliceLabel":"Águas Claras"},"geometry":{"type":"Polygon","coordinates":[[[-49.053395799999976,-26.49654019999997],[-49.05229939999998,-26.496779599999968],[-49.05188389999995,-26.49729229999997],[-49.051977799999975,-26.497640399999966],[-49.051344599999936,-26.49917629999993],[-49.051445299999955,-26.500138499999935],[-49.051281899999935,-26.500789099999963],[-49.050615999999934,-26.501260099999968],[-49.05047029999997,-26.501793799999973],[-49.05107629999998,-26.502626299999974],[-49.05215629999998,-26.503028299999983],[-49.05264099999994,-26.504042199999958],[-49.053329599999984,-26.504398399999957],[-49.05401779999994,-26.503942499999937],[-49.054301899999984,-26.504024399999935],[-49.05430219999994,-26.504628999999966],[-49.054464199999984,-26.50464089999997],[-49.054862699999944,-26.504102099999955],[-49.05503519999996,-26.504081699999972],[-49.055204499999945,-26.502485299999933],[-49.05511779999995,-26.501884599999983],[-49.055457399999966,-26.50054419999998],[-49.055466699999954,-26.499638699999934],[-49.055952099999956,-26.499096099999974],[-49.05614879999996,-26.49825039999996],[-49.05591139999996,-26.498162899999954],[-49.055485199999964,-26.497408099999973],[-49.05469489999996,-26.49722799999995],[-49.053759799999966,-26.495853799999963],[-49.05372429999994,-26.496101299999964],[-49.054106899999965,-26.496496899999954],[-49.053755699999954,-26.496547499999963],[-49.05358759999996,-26.49685939999995],[-49.053395799999976,-26.49654019999997]]]}},{"type":"Feature","properties":{"name":"Boa Vista","municipality_code":"4208906","layer":"neighborhood","cd_regiao":"4","cd_uf":"42","cd_mun":"4208906","cd_dist":"420890605","cd_subdist":"42089060500","cd_bairro":"4208906037","cd_rgint":"4206","cd_rgi":"420016","cd_concurb":"4208906","featureKey":"BOA VISTA","sliceValue":304,"sliceLabel":"Boa Vista"},"geometry":{"type":"Polygon","coordinates":[[[-49.06668279999997,-26.499965999999972],[-49.066623799999945,-26.499178099999938],[-49.06569609999997,-26.499029999999948],[-49.06547419999998,-26.498058199999946],[-49.065341699999976,-26.498892099999978],[-49.06561209999995,-26.49935499999998],[-49.06552009999996,-26.499522599999978],[-49.06518149999994,-26.49982749999998],[-49.064197399999955,-26.499604099999942],[-49.063482499999964,-26.50008909999997],[-49.06322039999998,-26.500600799999972],[-49.06339959999997,-26.501789599999938],[-49.063752799999975,-26.502195899999947],[-49.06467079999993,-26.502780899999948],[-49.06469229999993,-26.503392799999972],[-49.06512759999998,-26.504097899999977],[-49.06518049999994,-26.505173599999978],[-49.06599539999996,-26.506203899999946],[-49.06665609999993,-26.506596299999956],[-49.06720599999994,-26.507455799999946],[-49.06770849999998,-26.507740299999966],[-49.06780059999994,-26.508281099999977],[-49.068145399999935,-26.508293799999933],[-49.068246199999976,-26.508632699999964],[-49.06864609999997,-26.50862559999996],[-49.06902199999996,-26.509013399999958],[-49.06923089999998,-26.508556299999952],[-49.069119599999965,-26.50829989999994],[-49.069771499999945,-26.50794989999997],[-49.069430899999986,-26.506722099999934],[-49.069090899999935,-26.506199299999935],[-49.06851109999997,-26.505876799999953],[-49.068334999999934,-26.50541759999993],[-49.06749229999997,-26.504919899999948],[-49.06715389999994,-26.504483299999947],[-49.06713179999997,-26.50383839999995],[-49.06823289999994,-26.50383199999993],[-49.068358099999955,-26.50255429999993],[-49.06823499999996,-26.50186119999995],[-49.068603199999984,-26.501368699999944],[-49.06852829999997,-26.50063819999997],[-49.068180799999936,-26.50081309999996],[-49.068200899999965,-26.501456099999928],[-49.06778869999994,-26.50105499999995],[-49.06754499999994,-26.500428099999965],[-49.06696969999996,-26.50021909999998],[-49.06690489999994,-26.49997069999995],[-49.06668279999997,-26.499965999999972]]]}}]}
